country,population,total_de_vacinados,primeira_dose,segunda_dose,dose_reforco,data,porcentagem_primeira_dose,porcentagem_segunda_dose,porcentagem_dose_reforco
Brazil,210306411.0,,,,,2021-01-01,,,
Brazil,210306411.0,,,,,2021-01-02,,,
Brazil,210306411.0,,,,,2021-01-03,,,
Brazil,210306411.0,,,,,2021-01-04,,,
Brazil,210306411.0,,,,,2021-01-05,,,
Brazil,210306411.0,,,,,2021-01-06,,,
Brazil,210306411.0,,,,,2021-01-07,,,
Brazil,210306411.0,,,,,2021-01-08,,,
Brazil,210306411.0,,,,,2021-01-09,,,
Brazil,210306411.0,,,,,2021-01-10,,,
Brazil,210306411.0,,,,,2021-01-11,,,
Brazil,210306411.0,,,,,2021-01-12,,,
Brazil,210306411.0,,,,,2021-01-13,,,
Brazil,210306411.0,,,,,2021-01-14,,,
Brazil,210306411.0,,,,,2021-01-15,,,
Brazil,210306411.0,,,,,2021-01-16,,,
Brazil,210306411.0,112.0,112.0,0.0,0.0,2021-01-17,0.0,0.0,0.0
Brazil,210306411.0,1109.0,1109.0,0.0,0.0,2021-01-18,0.0,0.0,0.0
Brazil,210306411.0,13527.0,13527.0,0.0,0.0,2021-01-19,0.0001,0.0,0.0
Brazil,210306411.0,105824.0,105824.0,0.0,0.0,2021-01-20,0.0005,0.0,0.0
Brazil,210306411.0,193699.0,193699.0,0.0,0.0,2021-01-21,0.0009,0.0,0.0
Brazil,210306411.0,462269.0,462269.0,0.0,0.0,2021-01-22,0.0022,0.0,0.0
Brazil,210306411.0,573268.0,573268.0,0.0,0.0,2021-01-23,0.0027,0.0,0.0
Brazil,210306411.0,613954.0,613954.0,0.0,0.0,2021-01-24,0.0029,0.0,0.0
Brazil,210306411.0,801759.0,801759.0,0.0,0.0,2021-01-25,0.0038,0.0,0.0
Brazil,210306411.0,1045746.0,1045746.0,0.0,0.0,2021-01-26,0.005,0.0,0.0
Brazil,210306411.0,1327546.0,1327546.0,0.0,0.0,2021-01-27,0.0063,0.0,0.0
Brazil,210306411.0,1563098.0,1563098.0,0.0,0.0,2021-01-28,0.0074,0.0,0.0
Brazil,210306411.0,1923813.0,1923813.0,0.0,0.0,2021-01-29,0.0091,0.0,0.0
Brazil,210306411.0,2046523.0,2046523.0,0.0,0.0,2021-01-30,0.0097,0.0,0.0
Brazil,210306411.0,2084119.0,2084119.0,0.0,0.0,2021-01-31,0.0099,0.0,0.0
Brazil,210306411.0,2292551.0,2292551.0,0.0,0.0,2021-02-01,0.0109,0.0,0.0
Brazil,210306411.0,2521704.0,2521704.0,0.0,0.0,2021-02-02,0.012,0.0,0.0
Brazil,210306411.0,2802134.0,2802134.0,0.0,0.0,2021-02-03,0.0133,0.0,0.0
Brazil,210306411.0,3074906.0,3074906.0,0.0,0.0,2021-02-04,0.0146,0.0,0.0
Brazil,210306411.0,3401383.0,3399421.0,1962.0,0.0,2021-02-05,0.0162,0.0,0.0
Brazil,210306411.0,3553681.0,3534004.0,19677.0,0.0,2021-02-06,0.0168,0.0001,0.0
Brazil,210306411.0,3605538.0,3579850.0,25688.0,0.0,2021-02-07,0.017,0.0001,0.0
Brazil,210306411.0,3820207.0,3786591.0,33616.0,0.0,2021-02-08,0.018,0.0002,0.0
Brazil,210306411.0,4120332.0,4069677.0,50655.0,0.0,2021-02-09,0.0194,0.0002,0.0
Brazil,210306411.0,4406835.0,4326075.0,80760.0,0.0,2021-02-10,0.0206,0.0004,0.0
Brazil,210306411.0,4696136.0,4586270.0,109866.0,0.0,2021-02-11,0.0218,0.0005,0.0
Brazil,210306411.0,5125206.0,4946738.0,178468.0,0.0,2021-02-12,0.0235,0.0008,0.0
Brazil,210306411.0,5236943.0,5042713.0,194230.0,0.0,2021-02-13,0.024,0.0009,0.0
Brazil,210306411.0,5293979.0,5076110.0,217869.0,0.0,2021-02-14,0.0241,0.001,0.0
Brazil,210306411.0,5609937.0,5324317.0,285620.0,0.0,2021-02-15,0.0253,0.0014,0.0
Brazil,210306411.0,5883539.0,5326007.0,557532.0,0.0,2021-02-16,0.0253,0.0027,0.0
Brazil,210306411.0,6206680.0,5482925.0,723755.0,0.0,2021-02-17,0.0261,0.0034,0.0
Brazil,210306411.0,6535156.0,5640483.0,894673.0,0.0,2021-02-18,0.0268,0.0043,0.0
Brazil,210306411.0,6813168.0,5756361.0,1056807.0,0.0,2021-02-19,0.0274,0.005,0.0
Brazil,210306411.0,6950802.0,5817908.0,1132894.0,0.0,2021-02-20,0.0277,0.0054,0.0
Brazil,210306411.0,7028356.0,5857080.0,1171276.0,0.0,2021-02-21,0.0279,0.0056,0.0
Brazil,210306411.0,7297061.0,6002873.0,1294188.0,0.0,2021-02-22,0.0285,0.0062,0.0
Brazil,210306411.0,7551676.0,6116082.0,1435594.0,0.0,2021-02-23,0.0291,0.0068,0.0
Brazil,210306411.0,7799000.0,6202055.0,1596945.0,0.0,2021-02-24,0.0295,0.0076,0.0
Brazil,210306411.0,8101787.0,6346769.0,1755018.0,0.0,2021-02-25,0.0302,0.0083,0.0
Brazil,210306411.0,8322042.0,6437836.0,1884206.0,0.0,2021-02-26,0.0306,0.009,0.0
Brazil,210306411.0,8433568.0,6518628.0,1914940.0,0.0,2021-02-27,0.031,0.0091,0.0
Brazil,210306411.0,8465403.0,6542206.0,1923197.0,0.0,2021-02-28,0.0311,0.0091,0.0
Brazil,210306411.0,8841027.0,6806293.0,2034734.0,0.0,2021-03-01,0.0324,0.0097,0.0
Brazil,210306411.0,9277322.0,7114219.0,2163103.0,0.0,2021-03-02,0.0338,0.0103,0.0
Brazil,210306411.0,9739676.0,7417852.0,2321824.0,0.0,2021-03-03,0.0353,0.011,0.0
Brazil,210306411.0,10169160.0,7701146.0,2468014.0,0.0,2021-03-04,0.0366,0.0117,0.0
Brazil,210306411.0,10576542.0,7958939.0,2617603.0,0.0,2021-03-05,0.0378,0.0124,0.0
Brazil,210306411.0,10830688.0,8142004.0,2688684.0,0.0,2021-03-06,0.0387,0.0128,0.0
Brazil,210306411.0,10948409.0,8227671.0,2720738.0,0.0,2021-03-07,0.0391,0.0129,0.0
Brazil,210306411.0,11357494.0,8504966.0,2852528.0,0.0,2021-03-08,0.0404,0.0136,0.0
Brazil,210306411.0,11756131.0,8764547.0,2991584.0,0.0,2021-03-09,0.0417,0.0142,0.0
Brazil,210306411.0,12181103.0,9013293.0,3167810.0,0.0,2021-03-10,0.0429,0.0151,0.0
Brazil,210306411.0,12613179.0,9298511.0,3314668.0,0.0,2021-03-11,0.0442,0.0158,0.0
Brazil,210306411.0,13017720.0,9547655.0,3470065.0,0.0,2021-03-12,0.0454,0.0165,0.0
Brazil,210306411.0,13223729.0,9669967.0,3553762.0,0.0,2021-03-13,0.046,0.0169,0.0
Brazil,210306411.0,13286664.0,9718209.0,3568455.0,0.0,2021-03-14,0.0462,0.017,0.0
Brazil,210306411.0,13763573.0,10087787.0,3675786.0,0.0,2021-03-15,0.048,0.0175,0.0
Brazil,210306411.0,14198794.0,10402388.0,3796406.0,0.0,2021-03-16,0.0495,0.0181,0.0
Brazil,210306411.0,14648691.0,10725474.0,3923217.0,0.0,2021-03-17,0.051,0.0187,0.0
Brazil,210306411.0,15087602.0,11055747.0,4031855.0,0.0,2021-03-18,0.0526,0.0192,0.0
Brazil,210306411.0,15623349.0,11509501.0,4113848.0,0.0,2021-03-19,0.0547,0.0196,0.0
Brazil,210306411.0,15883688.0,11739832.0,4143856.0,0.0,2021-03-20,0.0558,0.0197,0.0
Brazil,210306411.0,15980363.0,11818482.0,4161881.0,0.0,2021-03-21,0.0562,0.0198,0.0
Brazil,210306411.0,16567102.0,12314847.0,4252255.0,0.0,2021-03-22,0.0586,0.0202,0.0
Brazil,210306411.0,17157632.0,12817812.0,4339819.0,0.0,2021-03-23,0.0609,0.0206,0.0
Brazil,210306411.0,17886780.0,13436373.0,4450408.0,0.0,2021-03-24,0.0639,0.0212,0.0
Brazil,210306411.0,18655344.0,14102934.0,4552411.0,0.0,2021-03-25,0.0671,0.0216,0.0
Brazil,210306411.0,19577786.0,14928869.0,4648917.0,0.0,2021-03-26,0.071,0.0221,0.0
Brazil,210306411.0,19962072.0,15282128.0,4679944.0,0.0,2021-03-27,0.0727,0.0223,0.0
Brazil,210306411.0,20216938.0,15513974.0,4702964.0,0.0,2021-03-28,0.0738,0.0224,0.0
Brazil,210306411.0,21160764.0,16335279.0,4825484.0,0.0,2021-03-29,0.0777,0.0229,0.0
Brazil,210306411.0,21950244.0,16995184.0,4955061.0,0.0,2021-03-30,0.0808,0.0236,0.0
Brazil,210306411.0,22839288.0,17745732.0,5093555.0,0.0,2021-03-31,0.0844,0.0242,0.0
Brazil,210306411.0,23880804.0,18639028.0,5241777.0,0.0,2021-04-01,0.0886,0.0249,0.0
Brazil,210306411.0,24181208.0,18900836.0,5280371.0,0.0,2021-04-02,0.0899,0.0251,0.0
Brazil,210306411.0,24575470.0,19222342.0,5353128.0,0.0,2021-04-03,0.0914,0.0255,0.0
Brazil,210306411.0,24910668.0,19510332.0,5400335.0,0.0,2021-04-04,0.0928,0.0257,0.0
Brazil,210306411.0,25658532.0,20056296.0,5602236.0,0.0,2021-04-05,0.0954,0.0266,0.0
Brazil,210306411.0,26736004.0,20850120.0,5885883.0,0.0,2021-04-06,0.0991,0.028,0.0
Brazil,210306411.0,27644080.0,21538484.0,6105595.0,0.0,2021-04-07,0.1024,0.029,0.0
Brazil,210306411.0,28653848.0,22246612.0,6407236.0,0.0,2021-04-08,0.1058,0.0305,0.0
Brazil,210306411.0,29544578.0,22693304.0,6851273.0,0.0,2021-04-09,0.1079,0.0326,0.0
Brazil,210306411.0,30084664.0,23097172.0,6987492.0,0.0,2021-04-10,0.1098,0.0332,0.0
Brazil,210306411.0,30356896.0,23300896.0,7056000.0,0.0,2021-04-11,0.1108,0.0336,0.0
Brazil,210306411.0,31316420.0,23910516.0,7405905.0,0.0,2021-04-12,0.1137,0.0352,0.0
Brazil,210306411.0,32217204.0,24473138.0,7744067.0,0.0,2021-04-13,0.1164,0.0368,0.0
Brazil,210306411.0,33148388.0,24996380.0,8152008.0,0.0,2021-04-14,0.1189,0.0388,0.0
Brazil,210306411.0,34050324.0,25478194.0,8572131.0,0.0,2021-04-15,0.1211,0.0408,0.0
Brazil,210306411.0,34993450.0,25810304.0,9183144.0,0.0,2021-04-16,0.1227,0.0437,0.0
Brazil,210306411.0,35603880.0,26085156.0,9518727.0,0.0,2021-04-17,0.124,0.0453,0.0
Brazil,210306411.0,35817144.0,26210282.0,9606862.0,0.0,2021-04-18,0.1246,0.0457,0.0
Brazil,210306411.0,36910480.0,26707228.0,10203252.0,0.0,2021-04-19,0.127,0.0485,0.0
Brazil,210306411.0,37909704.0,27184072.0,10725632.0,0.0,2021-04-20,0.1293,0.051,0.0
Brazil,210306411.0,38467750.0,27518052.0,10949701.0,0.0,2021-04-21,0.1308,0.0521,0.0
Brazil,210306411.0,39291064.0,27887014.0,11404050.0,0.0,2021-04-22,0.1326,0.0542,0.0
Brazil,210306411.0,41073104.0,28783904.0,12289199.0,0.0,2021-04-23,0.1369,0.0584,0.0
Brazil,210306411.0,41494940.0,28981002.0,12513937.0,0.0,2021-04-24,0.1378,0.0595,0.0
Brazil,210306411.0,41626750.0,29041496.0,12585256.0,0.0,2021-04-25,0.1381,0.0598,0.0
Brazil,210306411.0,42787200.0,29601948.0,13185252.0,0.0,2021-04-26,0.1408,0.0627,0.0
Brazil,210306411.0,44287510.0,30275924.0,14011587.0,0.0,2021-04-27,0.144,0.0666,0.0
Brazil,210306411.0,45379804.0,30748674.0,14631130.0,0.0,2021-04-28,0.1462,0.0696,0.0
Brazil,210306411.0,46426188.0,31243694.0,15182494.0,0.0,2021-04-29,0.1486,0.0722,0.0
Brazil,210306411.0,47399150.0,31696792.0,15702358.0,0.0,2021-04-30,0.1507,0.0747,0.0
Brazil,210306411.0,47663530.0,31830880.0,15832646.0,0.0,2021-05-01,0.1514,0.0753,0.0
Brazil,210306411.0,47755612.0,31884404.0,15871209.0,0.0,2021-05-02,0.1516,0.0755,0.0
Brazil,210306411.0,48643324.0,32345310.0,16298014.0,0.0,2021-05-03,0.1538,0.0775,0.0
Brazil,210306411.0,49626136.0,32896172.0,16729966.0,0.0,2021-05-04,0.1564,0.0796,0.0
Brazil,210306411.0,50576224.0,33490396.0,17085828.0,0.0,2021-05-05,0.1592,0.0812,0.0
Brazil,210306411.0,51624588.0,34271190.0,17353396.0,0.0,2021-05-06,0.163,0.0825,0.0
Brazil,210306411.0,52647816.0,35008550.0,17639264.0,0.0,2021-05-07,0.1665,0.0839,0.0
Brazil,210306411.0,52972460.0,35253388.0,17719072.0,0.0,2021-05-08,0.1676,0.0843,0.0
Brazil,210306411.0,53064124.0,35318056.0,17746066.0,0.0,2021-05-09,0.1679,0.0844,0.0
Brazil,210306411.0,54008864.0,35926220.0,18082644.0,0.0,2021-05-10,0.1708,0.086,0.0
Brazil,210306411.0,54912940.0,36523508.0,18389432.0,0.0,2021-05-11,0.1737,0.0874,0.0
Brazil,210306411.0,55907164.0,37233984.0,18673182.0,0.0,2021-05-12,0.177,0.0888,0.0
Brazil,210306411.0,56583960.0,37768492.0,18815472.0,0.0,2021-05-13,0.1796,0.0895,0.0
Brazil,210306411.0,57313640.0,38320508.0,18993136.0,0.0,2021-05-14,0.1822,0.0903,0.0
Brazil,210306411.0,57668650.0,38570630.0,19098016.0,0.0,2021-05-15,0.1834,0.0908,0.0
Brazil,210306411.0,57935280.0,38752710.0,19182566.0,0.0,2021-05-16,0.1843,0.0912,0.0
Brazil,210306411.0,58714630.0,39284276.0,19430356.0,0.0,2021-05-17,0.1868,0.0924,0.0
Brazil,210306411.0,59603624.0,39891920.0,19711704.0,0.0,2021-05-18,0.1897,0.0937,0.0
Brazil,210306411.0,60363336.0,40435630.0,19927702.0,0.0,2021-05-19,0.1923,0.0948,0.0
Brazil,210306411.0,61297420.0,41089720.0,20207698.0,0.0,2021-05-20,0.1954,0.0961,0.0
Brazil,210306411.0,62122684.0,41659040.0,20463644.0,0.0,2021-05-21,0.1981,0.0973,0.0
Brazil,210306411.0,62459684.0,41882012.0,20577672.0,0.0,2021-05-22,0.1991,0.0978,0.0
Brazil,210306411.0,63278820.0,42474536.0,20804284.0,0.0,2021-05-23,0.202,0.0989,0.0
Brazil,210306411.0,64098810.0,43008064.0,21090744.0,0.0,2021-05-24,0.2045,0.1003,0.0
Brazil,210306411.0,64918584.0,43525932.0,21392652.0,0.0,2021-05-25,0.207,0.1017,0.0
Brazil,210306411.0,65668440.0,44045170.0,21623270.0,0.0,2021-05-26,0.2094,0.1028,0.0
Brazil,210306411.0,66363504.0,44530760.0,21832744.0,0.0,2021-05-27,0.2117,0.1038,0.0
Brazil,210306411.0,67359300.0,45284396.0,22074896.0,0.0,2021-05-28,0.2153,0.105,0.0
Brazil,210306411.0,67761960.0,45604680.0,22157278.0,0.0,2021-05-29,0.2168,0.1054,0.0
Brazil,210306411.0,67874740.0,45684960.0,22189772.0,0.0,2021-05-30,0.2172,0.1055,0.0
Brazil,210306411.0,68665650.0,46328170.0,22337480.0,0.0,2021-05-31,0.2203,0.1062,0.0
Brazil,210306411.0,69477896.0,46932628.0,22545268.0,0.0,2021-06-01,0.2232,0.1072,0.0
Brazil,210306411.0,70685370.0,47852024.0,22833342.0,0.0,2021-06-02,0.2275,0.1086,0.0
Brazil,210306411.0,71245490.0,48321464.0,22924028.0,0.0,2021-06-03,0.2298,0.109,0.0
Brazil,210306411.0,71961790.0,48963900.0,22997888.0,0.0,2021-06-04,0.2328,0.1094,0.0
Brazil,210306411.0,72586950.0,49491412.0,23095536.0,0.0,2021-06-05,0.2353,0.1098,0.0
Brazil,210306411.0,72811510.0,49685500.0,23126008.0,0.0,2021-06-06,0.2363,0.11,0.0
Brazil,210306411.0,73614080.0,50381104.0,23232976.0,0.0,2021-06-07,0.2396,0.1105,0.0
Brazil,210306411.0,74920110.0,51502550.0,23417560.0,0.0,2021-06-08,0.2449,0.1113,0.0
Brazil,210306411.0,76117120.0,52567516.0,23549606.0,0.0,2021-06-09,0.25,0.112,0.0
Brazil,210306411.0,77243100.0,53577624.0,23665476.0,0.0,2021-06-10,0.2548,0.1125,0.0
Brazil,210306411.0,78471910.0,54685736.0,23786176.0,0.0,2021-06-11,0.26,0.1131,0.0
Brazil,210306411.0,79118240.0,55292344.0,23825900.0,0.0,2021-06-12,0.2629,0.1133,0.0
Brazil,210306411.0,79466210.0,55617270.0,23848938.0,0.0,2021-06-13,0.2645,0.1134,0.0
Brazil,210306411.0,80577336.0,56657380.0,23919956.0,0.0,2021-06-14,0.2694,0.1137,0.0
Brazil,210306411.0,81940690.0,57910384.0,24030304.0,0.0,2021-06-15,0.2754,0.1143,0.0
Brazil,210306411.0,83181490.0,59068484.0,24113002.0,0.0,2021-06-16,0.2809,0.1147,0.0
Brazil,210306411.0,85441100.0,61187304.0,24253802.0,0.0,2021-06-17,0.2909,0.1153,0.0
Brazil,210306411.0,87160470.0,62785860.0,24374612.0,0.0,2021-06-18,0.2985,0.1159,0.0
Brazil,210306411.0,88108420.0,63659150.0,24449264.0,0.0,2021-06-19,0.3027,0.1163,0.0
Brazil,210306411.0,88570220.0,64099340.0,24470884.0,0.0,2021-06-20,0.3048,0.1164,0.0
Brazil,210306411.0,90013336.0,65421824.0,24591512.0,0.0,2021-06-21,0.3111,0.1169,0.0
Brazil,210306411.0,91420290.0,66688624.0,24731668.0,0.0,2021-06-22,0.3171,0.1176,0.0
Brazil,210306411.0,92782240.0,67890904.0,24891336.0,0.0,2021-06-23,0.3228,0.1184,0.0
Brazil,210306411.0,94322180.0,69113520.0,25208658.0,0.0,2021-06-24,0.3286,0.1199,0.0
Brazil,210306411.0,95764060.0,70369600.0,25404254.0,0.0,2021-06-25,0.3346,0.1208,0.0
Brazil,210306411.0,96545256.0,71090360.0,25520772.0,0.0,2021-06-26,0.338,0.1214,0.0
Brazil,210306411.0,96789750.0,71319020.0,25568632.0,0.0,2021-06-27,0.3391,0.1216,0.0
Brazil,210306411.0,97929680.0,72324820.0,25866868.0,0.0,2021-06-28,0.3439,0.123,0.0
Brazil,210306411.0,99828670.0,73943650.0,26348752.0,0.0,2021-06-29,0.3516,0.1253,0.0
Brazil,210306411.0,101167464.0,75097270.0,26642476.0,0.0,2021-06-30,0.3571,0.1267,0.0
Brazil,210306411.0,102561736.0,76284850.0,26949200.0,0.0,2021-07-01,0.3627,0.1281,0.0
Brazil,210306411.0,104047570.0,77586350.0,27259468.0,0.0,2021-07-02,0.3689,0.1296,0.0
Brazil,210306411.0,104753510.0,78210260.0,27418130.0,0.0,2021-07-03,0.3719,0.1304,0.0
Brazil,210306411.0,105097390.0,78512730.0,27489232.0,0.0,2021-07-04,0.3733,0.1307,0.0
Brazil,210306411.0,106696620.0,79835460.0,27854684.0,0.0,2021-07-05,0.3796,0.1324,0.0
Brazil,210306411.0,108247750.0,81152984.0,28317786.0,0.0,2021-07-06,0.3859,0.1347,0.0
Brazil,210306411.0,109976130.0,82649590.0,28929444.0,0.0,2021-07-07,0.393,0.1376,0.0
Brazil,210306411.0,111573260.0,83948800.0,29547040.0,0.0,2021-07-08,0.3992,0.1405,0.0
Brazil,210306411.0,112999340.0,85166296.0,30044192.0,0.0,2021-07-09,0.405,0.1429,0.0
Brazil,210306411.0,113929450.0,85922320.0,30387608.0,0.0,2021-07-10,0.4086,0.1445,0.0
Brazil,210306411.0,114350130.0,86272250.0,30545014.0,0.0,2021-07-11,0.4102,0.1452,0.0
Brazil,210306411.0,115654260.0,87264584.0,31003288.0,0.0,2021-07-12,0.4149,0.1474,0.0
Brazil,210306411.0,117154410.0,88385720.0,31569504.0,0.0,2021-07-13,0.4203,0.1501,0.0
Brazil,210306411.0,118689130.0,89449390.0,32219034.0,0.0,2021-07-14,0.4253,0.1532,0.0
Brazil,210306411.0,120155330.0,90743700.0,32832460.0,0.0,2021-07-15,0.4315,0.1561,0.0
Brazil,210306411.0,121651230.0,91739490.0,33467324.0,0.0,2021-07-16,0.4362,0.1591,0.0
Brazil,210306411.0,122615700.0,92434140.0,33818144.0,0.0,2021-07-17,0.4395,0.1608,0.0
Brazil,210306411.0,122859540.0,92630600.0,33891244.0,0.0,2021-07-18,0.4405,0.1612,0.0
Brazil,210306411.0,124433790.0,93786760.0,34383716.0,0.0,2021-07-19,0.446,0.1635,0.0
Brazil,210306411.0,126315896.0,95101850.0,35053770.0,0.0,2021-07-20,0.4522,0.1667,0.0
Brazil,210306411.0,128199384.0,96304600.0,35808080.0,0.0,2021-07-21,0.4579,0.1703,0.0
Brazil,210306411.0,130131384.0,97428670.0,36676824.0,0.0,2021-07-22,0.4633,0.1744,0.0
Brazil,210306411.0,131858904.0,98712936.0,37161760.0,0.0,2021-07-23,0.4694,0.1767,0.0
Brazil,210306411.0,132812190.0,99391760.0,37463852.0,0.0,2021-07-24,0.4726,0.1781,0.0
Brazil,210306411.0,133139144.0,99610570.0,37583404.0,0.0,2021-07-25,0.4736,0.1787,0.0
Brazil,210306411.0,134540220.0,100522820.0,38110570.0,0.0,2021-07-26,0.478,0.1812,0.0
Brazil,210306411.0,136158370.0,101528056.0,38761410.0,0.0,2021-07-27,0.4828,0.1843,0.0
Brazil,210306411.0,137944960.0,102535340.0,39603390.0,0.0,2021-07-28,0.4876,0.1883,0.0
Brazil,210306411.0,139483580.0,103363370.0,40360690.0,0.0,2021-07-29,0.4915,0.1919,0.0
Brazil,210306411.0,141319630.0,104477600.0,41116890.0,0.0,2021-07-30,0.4968,0.1955,0.0
Brazil,210306411.0,142301920.0,105083580.0,41507970.0,0.0,2021-07-31,0.4997,0.1974,0.0
Brazil,210306411.0,142598660.0,105292650.0,41599310.0,0.0,2021-08-01,0.5007,0.1978,0.0
Brazil,210306411.0,143762750.0,105934730.0,42147736.0,0.0,2021-08-02,0.5037,0.2004,0.0
Brazil,210306411.0,145618600.0,107137950.0,42823484.0,0.0,2021-08-03,0.5094,0.2036,0.0
Brazil,210306411.0,148054500.0,108658470.0,43769704.0,0.0,2021-08-04,0.5167,0.2081,0.0
Brazil,210306411.0,149763000.0,109745650.0,44414256.0,0.0,2021-08-05,0.5218,0.2112,0.0
Brazil,210306411.0,151506190.0,110841850.0,45086810.0,0.0,2021-08-06,0.527,0.2144,0.0
Brazil,210306411.0,152313180.0,111342710.0,45397340.0,0.0,2021-08-07,0.5294,0.2159,0.0
Brazil,210306411.0,152680030.0,111566720.0,45542990.0,0.0,2021-08-08,0.5305,0.2166,0.0
Brazil,210306411.0,154190960.0,112476616.0,46160464.0,0.0,2021-08-09,0.5348,0.2195,0.0
Brazil,210306411.0,156399040.0,113880890.0,46980024.0,0.0,2021-08-10,0.5415,0.2234,0.0
Brazil,210306411.0,158422880.0,115251520.0,47644784.0,0.0,2021-08-11,0.548,0.2265,0.0
Brazil,210306411.0,160674240.0,116780680.0,48383180.0,0.0,2021-08-12,0.5553,0.2301,0.0
Brazil,210306411.0,162832100.0,118175020.0,49164240.0,0.0,2021-08-13,0.5619,0.2338,0.0
Brazil,210306411.0,164215230.0,119132210.0,49606492.0,0.0,2021-08-14,0.5665,0.2359,0.0
Brazil,210306411.0,164680220.0,119504650.0,49705910.0,0.0,2021-08-15,0.5682,0.2363,0.0
Brazil,210306411.0,166750340.0,120686540.0,50600930.0,0.0,2021-08-16,0.5739,0.2406,0.0
Brazil,210306411.0,169753010.0,122541950.0,51771236.0,0.0,2021-08-17,0.5827,0.2462,0.0
Brazil,210306411.0,171741150.0,123678880.0,52629850.0,0.0,2021-08-18,0.5881,0.2503,0.0
Brazil,210306411.0,174263120.0,125160910.0,53680684.0,0.0,2021-08-19,0.5951,0.2552,0.0
Brazil,210306411.0,176376900.0,126384140.0,54578690.0,0.0,2021-08-20,0.601,0.2595,0.0
Brazil,210306411.0,177587500.0,127168250.0,55013076.0,0.0,2021-08-21,0.6047,0.2616,0.0
Brazil,210306411.0,178173220.0,127600936.0,55170956.0,0.0,2021-08-22,0.6067,0.2623,0.0
Brazil,210306411.0,180251680.0,128859270.0,55999780.0,0.0,2021-08-23,0.6127,0.2663,0.0
Brazil,210306411.0,182654770.0,130267896.0,57002150.0,0.0,2021-08-24,0.6194,0.271,0.0
Brazil,210306411.0,184707570.0,131489510.0,57838948.0,0.0,2021-08-25,0.6252,0.275,0.0
Brazil,210306411.0,186102940.0,131918136.0,58811744.0,0.0,2021-08-26,0.6273,0.2796,0.0
Brazil,210306411.0,188045400.0,132939920.0,59746730.0,0.0,2021-08-27,0.6321,0.2841,0.0
Brazil,210306411.0,189376020.0,133608744.0,60412850.0,0.0,2021-08-28,0.6353,0.2873,0.0
Brazil,210306411.0,189971300.0,133947336.0,60672444.0,0.0,2021-08-29,0.6369,0.2885,0.0
Brazil,210306411.0,191515900.0,134777150.0,61384030.0,0.0,2021-08-30,0.6409,0.2919,0.0
Brazil,210306411.0,194176380.0,136127040.0,62698760.0,0.0,2021-08-31,0.6473,0.2981,0.0
Brazil,210306411.0,196166480.0,137067400.0,63754376.0,0.0,2021-09-01,0.6518,0.3031,0.0
Brazil,210306411.0,198142380.0,137897710.0,64905652.0,282.0,2021-09-02,0.6557,0.3086,0.0
Brazil,210306411.0,200077780.0,138653060.0,66093600.0,373.0,2021-09-03,0.6593,0.3143,0.0
Brazil,210306411.0,201126110.0,139039440.0,66758830.0,537.0,2021-09-04,0.6611,0.3174,0.0
Brazil,210306411.0,201522080.0,139210780.0,66984704.0,780.0,2021-09-05,0.6619,0.3185,0.0
Brazil,210306411.0,203024670.0,139985520.0,67702290.0,14059.0,2021-09-06,0.6656,0.3219,0.0001
Brazil,210306411.0,203577180.0,140218820.0,68020840.0,17205.0,2021-09-07,0.6667,0.3234,0.0001
Brazil,210306411.0,205296050.0,140820670.0,69133320.0,25446.0,2021-09-08,0.6696,0.3287,0.0001
Brazil,210306411.0,207509810.0,141565740.0,70594540.0,37195.0,2021-09-09,0.6731,0.3357,0.0002
Brazil,210306411.0,209917760.0,142382290.0,72173070.0,52191.0,2021-09-10,0.677,0.3432,0.0002
Brazil,210306411.0,211223440.0,142798080.0,73050584.0,67596.0,2021-09-11,0.679,0.3474,0.0003
Brazil,210306411.0,211710820.0,142983970.0,73355120.0,68590.0,2021-09-12,0.6799,0.3488,0.0003
Brazil,210306411.0,213203730.0,143433740.0,74381040.0,88874.0,2021-09-13,0.682,0.3537,0.0004
Brazil,210306411.0,215338060.0,144100430.0,75814264.0,128791.0,2021-09-14,0.6852,0.3605,0.0006
Brazil,210306411.0,217240050.0,144761540.0,76990800.0,197261.0,2021-09-15,0.6883,0.3661,0.0009
Brazil,210306411.0,218736000.0,145238110.0,77988750.0,223085.0,2021-09-16,0.6906,0.3708,0.0011
Brazil,210306411.0,221071600.0,146000270.0,79542910.0,249365.0,2021-09-17,0.6942,0.3782,0.0012
Brazil,210306411.0,222156930.0,146371180.0,80250456.0,259046.0,2021-09-18,0.696,0.3816,0.0012
Brazil,210306411.0,222581680.0,146553220.0,80492260.0,260661.0,2021-09-19,0.6969,0.3827,0.0012
Brazil,210306411.0,223781520.0,146923310.0,81250430.0,334020.0,2021-09-20,0.6986,0.3863,0.0016
Brazil,210306411.0,225592880.0,147473070.0,82467470.0,381549.0,2021-09-21,0.7012,0.3921,0.0018
Brazil,210306411.0,227304560.0,147966930.0,83644344.0,427712.0,2021-09-22,0.7036,0.3977,0.002
Brazil,210306411.0,229100350.0,148510820.0,84869780.0,458735.0,2021-09-23,0.7062,0.4036,0.0022
Brazil,210306411.0,230893010.0,148994480.0,86119840.0,520839.0,2021-09-24,0.7085,0.4095,0.0025
Brazil,210306411.0,231983150.0,149386350.0,86796640.0,543561.0,2021-09-25,0.7103,0.4127,0.0026
Brazil,210306411.0,232495890.0,149565070.0,87122480.0,552379.0,2021-09-26,0.7112,0.4143,0.0026
Brazil,210306411.0,233772510.0,149871710.0,87828180.0,818917.0,2021-09-27,0.7126,0.4176,0.0039
Brazil,210306411.0,235617220.0,150382510.0,89101310.0,882537.0,2021-09-28,0.7151,0.4237,0.0042
Brazil,210306411.0,237320140.0,150881740.0,90253380.0,937694.0,2021-09-29,0.7174,0.4292,0.0045
Brazil,210306411.0,239190420.0,151420930.0,91430210.0,1095300.0,2021-09-30,0.72,0.4347,0.0052
Brazil,210306411.0,241200480.0,151901220.0,92759490.0,1302298.0,2021-10-01,0.7223,0.4411,0.0062
Brazil,210306411.0,242252210.0,152166990.0,93442690.0,1407110.0,2021-10-02,0.7235,0.4443,0.0067
Brazil,210306411.0,242632080.0,152277360.0,93674360.0,1445470.0,2021-10-03,0.7241,0.4454,0.0069
Brazil,210306411.0,243733570.0,152519890.0,94337576.0,1643658.0,2021-10-04,0.7252,0.4486,0.0078
Brazil,210306411.0,245292450.0,152926450.0,95257460.0,1877233.0,2021-10-05,0.7272,0.4529,0.0089
Brazil,210306411.0,247057060.0,153310130.0,96345260.0,2171857.0,2021-10-06,0.729,0.4581,0.0103
Brazil,210306411.0,248820530.0,153699490.0,97382940.0,2509515.0,2021-10-07,0.7308,0.4631,0.0119
Brazil,210306411.0,250516350.0,154010910.0,98464450.0,2814838.0,2021-10-08,0.7323,0.4682,0.0134
Brazil,210306411.0,251524110.0,154181570.0,99070820.0,3047975.0,2021-10-09,0.7331,0.4711,0.0145
Brazil,210306411.0,252149680.0,154292720.0,99520880.0,3116010.0,2021-10-10,0.7337,0.4732,0.0148
Brazil,210306411.0,253164900.0,154580500.0,100085016.0,3281210.0,2021-10-11,0.735,0.4759,0.0156
Brazil,210306411.0,253561150.0,154693150.0,100324300.0,3326730.0,2021-10-12,0.7356,0.477,0.0158
Brazil,210306411.0,254426530.0,154798780.0,100864100.0,3545399.0,2021-10-13,0.7361,0.4796,0.0169
Brazil,210306411.0,256762140.0,155526990.0,102264370.0,3755046.0,2021-10-14,0.7395,0.4863,0.0179
Brazil,210306411.0,258849470.0,156015800.0,103527060.0,4093579.0,2021-10-15,0.7418,0.4923,0.0195
Brazil,210306411.0,260157870.0,156313970.0,104314310.0,4320556.0,2021-10-16,0.7433,0.496,0.0205
Brazil,210306411.0,260683280.0,156420270.0,104630776.0,4428544.0,2021-10-17,0.7438,0.4975,0.0211
Brazil,210306411.0,261824130.0,156558620.0,105223360.0,4839664.0,2021-10-18,0.7444,0.5003,0.023
Brazil,210306411.0,263569540.0,156892320.0,106356340.0,5137429.0,2021-10-19,0.746,0.5057,0.0244
Brazil,210306411.0,265607330.0,157322780.0,107582220.0,5525142.0,2021-10-20,0.7481,0.5115,0.0263
Brazil,210306411.0,266620080.0,157475040.0,108197260.0,5771569.0,2021-10-21,0.7488,0.5145,0.0274
Brazil,210306411.0,267964030.0,157680000.0,108994430.0,6117946.0,2021-10-22,0.7498,0.5183,0.0291
Brazil,210306411.0,268638500.0,157810510.0,109422130.0,6234557.0,2021-10-23,0.7504,0.5203,0.0296
Brazil,210306411.0,269442500.0,157986320.0,109945760.0,6340977.0,2021-10-24,0.7512,0.5228,0.0302
Brazil,210306411.0,271861950.0,158281330.0,111550520.0,6864893.0,2021-10-25,0.7526,0.5304,0.0326
Brazil,210306411.0,273720300.0,158619660.0,112584030.0,7348675.0,2021-10-26,0.7542,0.5353,0.0349
Brazil,210306411.0,275436450.0,158890660.0,113647160.0,7732904.0,2021-10-27,0.7555,0.5404,0.0368
Brazil,210306411.0,277057540.0,159171330.0,114610870.0,8109625.0,2021-10-28,0.7569,0.545,0.0386
Brazil,210306411.0,278686720.0,159412910.0,115562500.0,8548187.0,2021-10-29,0.758,0.5495,0.0406
Brazil,210306411.0,279265150.0,159518260.0,115897380.0,8687173.0,2021-10-30,0.7585,0.5511,0.0413
Brazil,210306411.0,279666140.0,159589150.0,116117550.0,8798263.0,2021-10-31,0.7588,0.5521,0.0418
Brazil,210306411.0,279959230.0,159631470.0,116288960.0,8877862.0,2021-11-01,0.759,0.553,0.0422
Brazil,210306411.0,280181200.0,159667970.0,116399784.0,8952577.0,2021-11-02,0.7592,0.5535,0.0426
Brazil,210306411.0,281228640.0,159792320.0,117020090.0,9256939.0,2021-11-03,0.7598,0.5564,0.044
Brazil,210306411.0,282661800.0,160056060.0,117929780.0,9518430.0,2021-11-04,0.7611,0.5608,0.0453
Brazil,210306411.0,284683970.0,160333900.0,119243096.0,9942921.0,2021-11-05,0.7624,0.567,0.0473
Brazil,210306411.0,285378180.0,160423950.0,119655280.0,10135262.0,2021-11-06,0.7628,0.569,0.0482
Brazil,210306411.0,285943140.0,160707870.0,119901570.0,10172914.0,2021-11-07,0.7642,0.5701,0.0484
Brazil,210306411.0,287531800.0,160972000.0,120880424.0,10547189.0,2021-11-08,0.7654,0.5748,0.0502
Brazil,210306411.0,288956200.0,161179470.0,121738610.0,10886116.0,2021-11-09,0.7664,0.5789,0.0518
Brazil,210306411.0,290429540.0,161412780.0,122635900.0,11230958.0,2021-11-10,0.7675,0.5831,0.0534
Brazil,210306411.0,292021220.0,161690780.0,123598780.0,11584564.0,2021-11-11,0.7688,0.5877,0.0551
Brazil,210306411.0,293253500.0,161743150.0,124416550.0,11947900.0,2021-11-12,0.7691,0.5916,0.0568
Brazil,210306411.0,293936450.0,161814220.0,124872030.0,12105575.0,2021-11-13,0.7694,0.5938,0.0576
Brazil,210306411.0,294339600.0,161908500.0,125123660.0,12162832.0,2021-11-14,0.7699,0.595,0.0578
Brazil,210306411.0,294928220.0,161973120.0,125467470.0,12343281.0,2021-11-15,0.7702,0.5966,0.0587
Brazil,210306411.0,295624600.0,162028080.0,125915850.0,12537109.0,2021-11-16,0.7704,0.5987,0.0596
Brazil,210306411.0,297253220.0,162257540.0,126961440.0,12891623.0,2021-11-17,0.7715,0.6037,0.0613
Brazil,210306411.0,298447740.0,162397680.0,127639600.0,13268488.0,2021-11-18,0.7722,0.6069,0.0631
Brazil,210306411.0,299734720.0,162554500.0,128377050.0,13665714.0,2021-11-19,0.7729,0.6104,0.065
Brazil,210306411.0,300573500.0,162688770.0,128851410.0,13896415.0,2021-11-20,0.7736,0.6127,0.0661
Brazil,210306411.0,301182750.0,162812580.0,129200210.0,14033709.0,2021-11-21,0.7742,0.6143,0.0667
Brazil,210306411.0,302331070.0,162957800.0,129832020.0,14406374.0,2021-11-22,0.7749,0.6173,0.0685
Brazil,210306411.0,303515420.0,163108530.0,130530870.0,14741803.0,2021-11-23,0.7756,0.6207,0.0701
Brazil,210306411.0,304659200.0,163216460.0,131215920.0,15093083.0,2021-11-24,0.7761,0.6239,0.0718
Brazil,210306411.0,305503200.0,163342820.0,131709250.0,15316348.0,2021-11-25,0.7767,0.6263,0.0728
Brazil,210306411.0,306741900.0,163546800.0,132395864.0,15662595.0,2021-11-26,0.7777,0.6295,0.0745
Brazil,210306411.0,307205300.0,163607250.0,132667096.0,15794900.0,2021-11-27,0.7779,0.6308,0.0751
Brazil,210306411.0,307583400.0,163684750.0,132895370.0,15889956.0,2021-11-28,0.7783,0.6319,0.0756
Brazil,210306411.0,307817820.0,163706610.0,133029590.0,15967140.0,2021-11-29,0.7784,0.6326,0.0759
Brazil,210306411.0,309486600.0,163926500.0,133911230.0,16537956.0,2021-11-30,0.7795,0.6367,0.0786
Brazil,210306411.0,310770500.0,164159540.0,134636860.0,16866381.0,2021-12-01,0.7806,0.6402,0.0802
Brazil,210306411.0,311950400.0,164290460.0,135324510.0,17229559.0,2021-12-02,0.7812,0.6435,0.0819
Brazil,210306411.0,313665020.0,164457500.0,136438560.0,17665501.0,2021-12-03,0.782,0.6488,0.084
Brazil,210306411.0,314450780.0,164543600.0,136830600.0,17974402.0,2021-12-04,0.7824,0.6506,0.0855
Brazil,210306411.0,314612220.0,164589730.0,136905310.0,18014777.0,2021-12-05,0.7826,0.651,0.0857
Brazil,210306411.0,315518300.0,164604780.0,137355250.0,18457123.0,2021-12-06,0.7827,0.6531,0.0878
Brazil,210306411.0,316677020.0,164711740.0,137905920.0,18958874.0,2021-12-07,0.7832,0.6557,0.0901
Brazil,210306411.0,317474200.0,164800430.0,138249800.0,19322836.0,2021-12-08,0.7836,0.6574,0.0919
Brazil,210306411.0,318799260.0,164914820.0,138924350.0,19859727.0,2021-12-09,0.7842,0.6606,0.0944
Brazil,210306411.0,319739100.0,164914820.0,139320690.0,20304256.0,2021-12-10,0.7842,0.6625,0.0965
Brazil,210306411.0,319980130.0,164914820.0,139389520.0,20456996.0,2021-12-11,0.7842,0.6628,0.0973
Brazil,210306411.0,320112450.0,164914820.0,139421700.0,20544800.0,2021-12-12,0.7842,0.6629,0.0977
Brazil,210306411.0,320737950.0,164914820.0,139783900.0,20966748.0,2021-12-13,0.7842,0.6647,0.0997
Brazil,210306411.0,321601400.0,164933940.0,140151970.0,21417495.0,2021-12-14,0.7843,0.6664,0.1018
Brazil,210306411.0,322902300.0,165135180.0,140902990.0,21767091.0,2021-12-15,0.7852,0.67,0.1035
Brazil,210306411.0,323831100.0,165279020.0,141175070.0,22280659.0,2021-12-16,0.7859,0.6713,0.1059
Brazil,210306411.0,324589540.0,165393980.0,141411660.0,22689115.0,2021-12-17,0.7864,0.6724,0.1079
Brazil,210306411.0,324798700.0,165409170.0,141474540.0,22820476.0,2021-12-18,0.7865,0.6727,0.1085
Brazil,210306411.0,324846700.0,165417890.0,141488100.0,22846232.0,2021-12-19,0.7866,0.6728,0.1086
Brazil,210306411.0,325593470.0,165471300.0,141702260.0,23326643.0,2021-12-20,0.7868,0.6738,0.1109
Brazil,210306411.0,326335550.0,165554580.0,141915570.0,23775890.0,2021-12-21,0.7872,0.6748,0.1131
Brazil,210306411.0,327562750.0,165836450.0,142378720.0,24268862.0,2021-12-22,0.7885,0.677,0.1154
Brazil,210306411.0,328473900.0,165894300.0,142378720.0,24687765.0,2021-12-23,0.7888,0.677,0.1174
Brazil,210306411.0,328473900.0,165894300.0,142378720.0,24687765.0,2021-12-24,0.7888,0.677,0.1174
Brazil,210306411.0,328473900.0,165894300.0,142378720.0,24687765.0,2021-12-25,0.7888,0.677,0.1174
Brazil,210306411.0,328473900.0,165894300.0,142378720.0,24687765.0,2021-12-26,0.7888,0.677,0.1174
Brazil,210306411.0,329011360.0,165952030.0,142764290.0,25218893.0,2021-12-27,0.7891,0.6788,0.1199
Brazil,210306411.0,329861730.0,166062260.0,142965730.0,25758909.0,2021-12-28,0.7896,0.6798,0.1225
Brazil,210306411.0,330718460.0,166143380.0,143282080.0,26219623.0,2021-12-29,0.79,0.6813,0.1247
Brazil,210306411.0,331164030.0,166185630.0,143398690.0,26507937.0,2021-12-30,0.7902,0.6819,0.126
Brazil,210306411.0,331273920.0,166195500.0,143436020.0,26571077.0,2021-12-31,0.7903,0.682,0.1263
Brazil,210306411.0,331292260.0,166199310.0,143441280.0,26580353.0,2022-01-01,0.7903,0.6821,0.1264
Brazil,210306411.0,331335840.0,166206720.0,143462400.0,26595450.0,2022-01-02,0.7903,0.6822,0.1265
Brazil,210306411.0,332076830.0,166320660.0,143723400.0,27021302.0,2022-01-03,0.7908,0.6834,0.1285
Brazil,210306411.0,332903330.0,166426980.0,143762370.0,27644424.0,2022-01-04,0.7914,0.6836,0.1314
Brazil,210306411.0,333627870.0,166475760.0,143877220.0,28208100.0,2022-01-05,0.7916,0.6841,0.1341
Brazil,210306411.0,333627870.0,166475760.0,143877220.0,28208100.0,2022-01-06,0.7916,0.6841,0.1341
Brazil,210306411.0,333627870.0,166475760.0,143877220.0,28208100.0,2022-01-07,0.7916,0.6841,0.1341
Brazil,210306411.0,333627870.0,166475760.0,143877220.0,28208100.0,2022-01-08,0.7916,0.6841,0.1341
Brazil,210306411.0,335742900.0,166618510.0,144380530.0,29681866.0,2022-01-09,0.7923,0.6865,0.1411
Brazil,210306411.0,336825920.0,166713280.0,144723820.0,30328376.0,2022-01-10,0.7927,0.6882,0.1442
Brazil,210306411.0,337655170.0,166769660.0,144866940.0,30964122.0,2022-01-11,0.793,0.6888,0.1472
Brazil,210306411.0,338386100.0,166772200.0,145005060.0,31555580.0,2022-01-12,0.793,0.6895,0.15
Brazil,210306411.0,339257020.0,166833340.0,145252460.0,32119256.0,2022-01-13,0.7933,0.6907,0.1527
Brazil,210306411.0,339988960.0,166870350.0,145379250.0,32689339.0,2022-01-14,0.7935,0.6913,0.1554
Brazil,210306411.0,340281920.0,166909230.0,145459360.0,32865633.0,2022-01-15,0.7936,0.6917,0.1563
Brazil,210306411.0,343352670.0,167093150.0,146291730.0,34925304.0,2022-01-16,0.7945,0.6956,0.1661
Brazil,210306411.0,347329280.0,167330260.0,147223760.0,37734662.0,2022-01-17,0.7956,0.7,0.1794
Brazil,210306411.0,348164640.0,167385860.0,147536850.0,38204173.0,2022-01-18,0.7959,0.7015,0.1817
Brazil,210306411.0,349495230.0,167547300.0,147737980.0,39175254.0,2022-01-19,0.7967,0.7025,0.1863
Brazil,210306411.0,350629280.0,167751970.0,148043970.0,39815665.0,2022-01-20,0.7977,0.7039,0.1893
Brazil,210306411.0,351485980.0,167875060.0,148225620.0,40368648.0,2022-01-21,0.7982,0.7048,0.192
Brazil,210306411.0,352744900.0,168014780.0,148534160.0,41179575.0,2022-01-22,0.7989,0.7063,0.1958
Brazil,210306411.0,352952220.0,168090880.0,148571660.0,41273385.0,2022-01-23,0.7993,0.7065,0.1963
Brazil,210306411.0,354878140.0,168341120.0,148929420.0,42592544.0,2022-01-24,0.8005,0.7082,0.2025
Brazil,210306411.0,355987230.0,168546500.0,149165540.0,43260640.0,2022-01-25,0.8014,0.7093,0.2057
Brazil,210306411.0,357133000.0,168921070.0,149273730.0,43930017.0,2022-01-26,0.8032,0.7098,0.2089
Brazil,210306411.0,358789920.0,169261100.0,149542400.0,44986684.0,2022-01-27,0.8048,0.7111,0.2139
Brazil,210306411.0,360492740.0,169619420.0,149714060.0,46174206.0,2022-01-28,0.8065,0.7119,0.2196
Brazil,210306411.0,361165200.0,169825840.0,149779550.0,46576117.0,2022-01-29,0.8075,0.7122,0.2215
Brazil,210306411.0,361309660.0,169865540.0,149793540.0,46667050.0,2022-01-30,0.8077,0.7123,0.2219
Brazil,210306411.0,362503200.0,170322130.0,149930850.0,47268419.0,2022-01-31,0.8099,0.7129,0.2248
Brazil,210306411.0,363827260.0,170599220.0,150040850.0,48206588.0,2022-02-01,0.8112,0.7134,0.2292
Brazil,210306411.0,365113860.0,170911860.0,150259410.0,48964197.0,2022-02-02,0.8127,0.7145,0.2328
Brazil,210306411.0,366488450.0,171219040.0,150497400.0,49796615.0,2022-02-03,0.8141,0.7156,0.2368
Brazil,210306411.0,367778200.0,171783310.0,150682480.0,50350832.0,2022-02-04,0.8168,0.7165,0.2394
Brazil,210306411.0,368572350.0,172107470.0,150764880.0,50739982.0,2022-02-05,0.8184,0.7169,0.2413
Brazil,210306411.0,369521060.0,172186640.0,150868540.0,51506685.0,2022-02-06,0.8187,0.7174,0.2449
Brazil,210306411.0,370659870.0,172652510.0,150995920.0,52053080.0,2022-02-07,0.821,0.718,0.2475
Brazil,210306411.0,371840450.0,172885950.0,151169150.0,52827090.0,2022-02-08,0.8221,0.7188,0.2512
Brazil,210306411.0,373331740.0,172995870.0,151496830.0,53864593.0,2022-02-09,0.8226,0.7204,0.2561
Brazil,210306411.0,375028160.0,173402820.0,151866860.0,54786812.0,2022-02-10,0.8245,0.7221,0.2605
Brazil,210306411.0,376813730.0,173901090.0,152092270.0,55852904.0,2022-02-11,0.8269,0.7232,0.2656
Brazil,210306411.0,377626300.0,174117730.0,152194700.0,56346995.0,2022-02-12,0.8279,0.7237,0.2679
Brazil,210306411.0,378011200.0,174214430.0,152338800.0,56491813.0,2022-02-13,0.8284,0.7244,0.2686
Brazil,210306411.0,378917760.0,174420800.0,152482990.0,57031422.0,2022-02-14,0.8294,0.7251,0.2712
Brazil,210306411.0,379776350.0,174665420.0,152576030.0,57563050.0,2022-02-15,0.8305,0.7255,0.2737
Brazil,210306411.0,380878270.0,174949010.0,152751780.0,58207145.0,2022-02-16,0.8319,0.7263,0.2768
Brazil,210306411.0,382196740.0,175209010.0,152934930.0,59085282.0,2022-02-17,0.8331,0.7272,0.2809
Brazil,210306411.0,384112600.0,175933940.0,153259170.0,59954912.0,2022-02-18,0.8366,0.7287,0.2851
Brazil,210306411.0,385030800.0,176141500.0,153450990.0,60474794.0,2022-02-19,0.8375,0.7297,0.2876
Brazil,210306411.0,385406300.0,176222270.0,153503890.0,60718386.0,2022-02-20,0.8379,0.7299,0.2887
Brazil,210306411.0,386298300.0,176406600.0,153654200.0,61279432.0,2022-02-21,0.8388,0.7306,0.2914
Brazil,210306411.0,387226180.0,176625570.0,153776060.0,61867668.0,2022-02-22,0.8398,0.7312,0.2942
Brazil,210306411.0,388306880.0,176920320.0,154064350.0,62367146.0,2022-02-23,0.8413,0.7326,0.2966
Brazil,210306411.0,389748380.0,177174500.0,154310610.0,63304898.0,2022-02-24,0.8425,0.7337,0.301
Brazil,210306411.0,391253150.0,177448930.0,154573860.0,64282472.0,2022-02-25,0.8438,0.735,0.3057
Brazil,210306411.0,391785020.0,177544800.0,154668480.0,64624776.0,2022-02-26,0.8442,0.7354,0.3073
Brazil,210306411.0,391970430.0,177579710.0,154719000.0,64725099.0,2022-02-27,0.8444,0.7357,0.3078
Brazil,210306411.0,392763650.0,177742260.0,155044540.0,65031675.0,2022-02-28,0.8452,0.7372,0.3092
Brazil,210306411.0,392925630.0,177836860.0,155071700.0,65073212.0,2022-03-01,0.8456,0.7374,0.3094
Brazil,210306411.0,392925630.0,177836860.0,155071700.0,65073212.0,2022-03-02,0.8456,0.7374,0.3094
Brazil,210306411.0,394111800.0,177987740.0,155380080.0,65802661.0,2022-03-03,0.8463,0.7388,0.3129
Brazil,210306411.0,394812860.0,178113010.0,155569400.0,66190014.0,2022-03-04,0.8469,0.7397,0.3147
Brazil,210306411.0,395464830.0,178203890.0,155711620.0,66609966.0,2022-03-05,0.8474,0.7404,0.3167
Brazil,210306411.0,395658980.0,178245540.0,155740450.0,66734054.0,2022-03-06,0.8476,0.7405,0.3173
Brazil,210306411.0,396537300.0,178366450.0,155930530.0,67303447.0,2022-03-07,0.8481,0.7414,0.32
Brazil,210306411.0,397386270.0,178486270.0,156114740.0,67849960.0,2022-03-08,0.8487,0.7423,0.3226
Brazil,210306411.0,398449120.0,178657740.0,156339800.0,68529303.0,2022-03-09,0.8495,0.7434,0.3259
Brazil,210306411.0,400536060.0,179288500.0,157250830.0,69072506.0,2022-03-10,0.8525,0.7477,0.3284
Brazil,210306411.0,401272000.0,179411780.0,157418580.0,69520035.0,2022-03-11,0.8531,0.7485,0.3306
Brazil,210306411.0,402357630.0,179715580.0,157623250.0,70098817.0,2022-03-12,0.8545,0.7495,0.3333
Brazil,210306411.0,402573300.0,179754580.0,157662860.0,70236716.0,2022-03-13,0.8547,0.7497,0.334
Brazil,210306411.0,403286500.0,179853600.0,157830130.0,70685742.0,2022-03-14,0.8552,0.7505,0.3361
Brazil,210306411.0,403856900.0,179913620.0,157992530.0,71035349.0,2022-03-15,0.8555,0.7512,0.3378
Brazil,210306411.0,404885150.0,180005710.0,158245100.0,71727611.0,2022-03-16,0.8559,0.7525,0.3411
Brazil,210306411.0,405634660.0,180093700.0,158439100.0,72198007.0,2022-03-17,0.8563,0.7534,0.3433
Brazil,210306411.0,406685440.0,180265230.0,158682960.0,72838901.0,2022-03-18,0.8572,0.7545,0.3463
Brazil,210306411.0,407274460.0,180341200.0,158832350.0,73204533.0,2022-03-19,0.8575,0.7552,0.3481
Brazil,210306411.0,407435780.0,180360130.0,158863540.0,73315989.0,2022-03-20,0.8576,0.7554,0.3486
Brazil,210306411.0,408348030.0,180469260.0,159101360.0,73883571.0,2022-03-21,0.8581,0.7565,0.3513
Brazil,210306411.0,408962000.0,180523620.0,159240420.0,74304721.0,2022-03-22,0.8584,0.7572,0.3533
Brazil,210306411.0,409606980.0,180592460.0,159388080.0,74734058.0,2022-03-23,0.8587,0.7579,0.3554
Brazil,210306411.0,410175840.0,180653780.0,159513420.0,75117268.0,2022-03-24,0.859,0.7585,0.3572
Brazil,210306411.0,410860640.0,180726800.0,159673500.0,75570590.0,2022-03-25,0.8593,0.7592,0.3593
Brazil,210306411.0,411116200.0,180758000.0,159756180.0,75715420.0,2022-03-26,0.8595,0.7596,0.36
Brazil,210306411.0,411548200.0,180800030.0,159842860.0,76020080.0,2022-03-27,0.8597,0.76,0.3615
Brazil,210306411.0,412177020.0,180881630.0,160008930.0,76412684.0,2022-03-28,0.8601,0.7608,0.3633
Brazil,210306411.0,413559580.0,181078060.0,160272860.0,77336806.0,2022-03-29,0.861,0.7621,0.3677
Brazil,210306411.0,414606100.0,181174370.0,160525440.0,78038061.0,2022-03-30,0.8615,0.7633,0.3711
Brazil,210306411.0,415350900.0,181233280.0,160706750.0,78545054.0,2022-03-31,0.8618,0.7642,0.3735
Brazil,210306411.0,415350900.0,181233280.0,160706750.0,78545054.0,2022-04-01,0.8618,0.7642,0.3735
Brazil,210306411.0,415350900.0,181233280.0,160706750.0,78545054.0,2022-04-02,0.8618,0.7642,0.3735
Brazil,210306411.0,416625500.0,181342980.0,161015550.0,79407896.0,2022-04-03,0.8623,0.7656,0.3776
Brazil,210306411.0,417150370.0,181374540.0,161109810.0,79808443.0,2022-04-04,0.8624,0.7661,0.3795
Brazil,210306411.0,418081280.0,181451940.0,161296450.0,80480994.0,2022-04-05,0.8628,0.767,0.3827
Brazil,210306411.0,418988800.0,181544320.0,161485600.0,81135417.0,2022-04-06,0.8632,0.7679,0.3858
Brazil,210306411.0,419669100.0,181596640.0,161634000.0,81617827.0,2022-04-07,0.8635,0.7686,0.3881
Brazil,210306411.0,420411070.0,181653000.0,161802140.0,82140278.0,2022-04-08,0.8638,0.7694,0.3906
Brazil,210306411.0,420841280.0,181687020.0,161882740.0,82460566.0,2022-04-09,0.8639,0.7697,0.3921
Brazil,210306411.0,421028480.0,181702100.0,161924220.0,82594423.0,2022-04-10,0.864,0.7699,0.3927
Brazil,210306411.0,421634430.0,181755180.0,162079970.0,82993482.0,2022-04-11,0.8642,0.7707,0.3946
Brazil,210306411.0,422368130.0,181810160.0,162237060.0,83518646.0,2022-04-12,0.8645,0.7714,0.3971
Brazil,210306411.0,422804500.0,181841380.0,162328260.0,83836874.0,2022-04-13,0.8646,0.7719,0.3986
Brazil,210306411.0,423594600.0,181894980.0,162490300.0,84414525.0,2022-04-14,0.8649,0.7726,0.4014
Brazil,210306411.0,423594600.0,181894980.0,162490300.0,84414525.0,2022-04-15,0.8649,0.7726,0.4014
Brazil,210306411.0,423594600.0,181894980.0,162490300.0,84414525.0,2022-04-16,0.8649,0.7726,0.4014
Brazil,210306411.0,424058500.0,181975540.0,162589380.0,84700482.0,2022-04-17,0.8653,0.7731,0.4027
Brazil,210306411.0,424403140.0,182010640.0,162689890.0,84910442.0,2022-04-18,0.8655,0.7736,0.4037
Brazil,210306411.0,425301200.0,182287360.0,162888300.0,85336548.0,2022-04-19,0.8668,0.7745,0.4058
Brazil,210306411.0,426002140.0,182324200.0,163106060.0,85785089.0,2022-04-20,0.8669,0.7756,0.4079
Brazil,210306411.0,426445200.0,182365680.0,163228940.0,86064638.0,2022-04-21,0.8671,0.7761,0.4092
Brazil,210306411.0,426445200.0,182365680.0,163228940.0,86064638.0,2022-04-22,0.8671,0.7761,0.4092
Brazil,210306411.0,426684000.0,182395740.0,163322270.0,86180459.0,2022-04-23,0.8673,0.7766,0.4098
Brazil,210306411.0,426686050.0,182395820.0,163322560.0,86182146.0,2022-04-24,0.8673,0.7766,0.4098
Brazil,210306411.0,426987460.0,182426990.0,163400960.0,86375300.0,2022-04-25,0.8674,0.777,0.4107
Brazil,210306411.0,427262940.0,182455170.0,163481920.0,86543564.0,2022-04-26,0.8676,0.7774,0.4115
Brazil,210306411.0,428179260.0,182519780.0,163675730.0,87204205.0,2022-04-27,0.8679,0.7783,0.4147
Brazil,210306411.0,428748700.0,182563730.0,163815870.0,87591331.0,2022-04-28,0.8681,0.7789,0.4165
Brazil,210306411.0,429202400.0,182599070.0,163923500.0,87903408.0,2022-04-29,0.8683,0.7795,0.418
Brazil,210306411.0,429202400.0,182599070.0,163923500.0,87903408.0,2022-04-30,0.8683,0.7795,0.418
Brazil,210306411.0,429613280.0,182623310.0,163989680.0,88224899.0,2022-05-01,0.8684,0.7798,0.4195
Brazil,210306411.0,430000420.0,182665760.0,164101620.0,88458624.0,2022-05-02,0.8686,0.7803,0.4206
Brazil,210306411.0,430435330.0,182707630.0,164217810.0,88736521.0,2022-05-03,0.8688,0.7809,0.4219
Brazil,210306411.0,430951260.0,182778370.0,164385390.0,89015754.0,2022-05-04,0.8691,0.7816,0.4233
Brazil,210306411.0,431278900.0,182800350.0,164464910.0,89242341.0,2022-05-05,0.8692,0.782,0.4243
Brazil,210306411.0,431859330.0,182850460.0,164564160.0,89674756.0,2022-05-06,0.8694,0.7825,0.4264
Brazil,210306411.0,432025100.0,182860130.0,164594080.0,89801425.0,2022-05-07,0.8695,0.7826,0.427
Brazil,210306411.0,432134460.0,182871060.0,164611410.0,89882749.0,2022-05-08,0.8695,0.7827,0.4274
Brazil,210306411.0,432354800.0,182895360.0,164655890.0,90034922.0,2022-05-09,0.8697,0.7829,0.4281
Brazil,210306411.0,432639360.0,182912980.0,164719120.0,90239407.0,2022-05-10,0.8697,0.7832,0.4291
Brazil,210306411.0,434019500.0,183059680.0,165033360.0,91160592.0,2022-05-11,0.8704,0.7847,0.4335
Brazil,210306411.0,435017280.0,183119660.0,165122240.0,92022577.0,2022-05-12,0.8707,0.7852,0.4376
Brazil,210306411.0,435185470.0,183131860.0,165160300.0,92140991.0,2022-05-13,0.8708,0.7853,0.4381
Brazil,210306411.0,435226300.0,183134050.0,165170620.0,92169363.0,2022-05-14,0.8708,0.7854,0.4383
Brazil,210306411.0,435243420.0,183135100.0,165173310.0,92182749.0,2022-05-15,0.8708,0.7854,0.4383
Brazil,210306411.0,435312100.0,183142930.0,165182830.0,92236350.0,2022-05-16,0.8708,0.7854,0.4386
Brazil,210306411.0,435312100.0,183142930.0,165182830.0,92236350.0,2022-05-17,0.8708,0.7854,0.4386
Brazil,210306411.0,436276900.0,183205520.0,165396480.0,92931571.0,2022-05-18,0.8711,0.7865,0.4419
Brazil,210306411.0,436936640.0,183241820.0,165448320.0,93504050.0,2022-05-19,0.8713,0.7867,0.4446
Brazil,210306411.0,437099620.0,183251230.0,165506160.0,93600217.0,2022-05-20,0.8714,0.787,0.4451
Brazil,210306411.0,437142050.0,183256110.0,165518800.0,93625233.0,2022-05-21,0.8714,0.787,0.4452
Brazil,210306411.0,437142050.0,183256110.0,165518800.0,93625233.0,2022-05-22,0.8714,0.787,0.4452
Brazil,210306411.0,437142050.0,183256110.0,165518800.0,93625233.0,2022-05-23,0.8714,0.787,0.4452
Brazil,210306411.0,437142050.0,183256110.0,165518800.0,93625233.0,2022-05-24,0.8714,0.787,0.4452
Brazil,210306411.0,437142050.0,183256110.0,165518800.0,93625233.0,2022-05-25,0.8714,0.787,0.4452
Brazil,210306411.0,438839740.0,183699540.0,165816600.0,94587179.0,2022-05-26,0.8735,0.7885,0.4498
Brazil,210306411.0,440230100.0,183815090.0,165961520.0,95726593.0,2022-05-27,0.874,0.7891,0.4552
Brazil,210306411.0,440558620.0,183853220.0,166003440.0,95975713.0,2022-05-28,0.8742,0.7893,0.4564
Brazil,210306411.0,440647780.0,183859100.0,166018560.0,96043999.0,2022-05-29,0.8742,0.7894,0.4567
Brazil,210306411.0,440887460.0,183885180.0,166071940.0,96205270.0,2022-05-30,0.8744,0.7897,0.4575
Brazil,210306411.0,441054000.0,183894670.0,166104270.0,96330487.0,2022-05-31,0.8744,0.7898,0.458
Brazil,210306411.0,441279970.0,183925330.0,166164000.0,96467250.0,2022-06-01,0.8746,0.7901,0.4587
Brazil,210306411.0,441279970.0,183925330.0,166164000.0,96467250.0,2022-06-02,0.8746,0.7901,0.4587
Brazil,210306411.0,442571330.0,184018930.0,166365250.0,97467265.0,2022-06-03,0.875,0.7911,0.4635
Brazil,210306411.0,443278530.0,184062380.0,166424510.0,98075029.0,2022-06-04,0.8752,0.7913,0.4663
Brazil,210306411.0,443475520.0,184077700.0,166460000.0,98221657.0,2022-06-05,0.8753,0.7915,0.467
Brazil,210306411.0,443829500.0,184091860.0,166493980.0,98528751.0,2022-06-06,0.8754,0.7917,0.4685
Brazil,210306411.0,444537440.0,184130460.0,166572600.0,99120969.0,2022-06-07,0.8755,0.792,0.4713
Brazil,210306411.0,445097060.0,184150380.0,166737170.0,99499887.0,2022-06-08,0.8756,0.7928,0.4731
Brazil,210306411.0,446745250.0,184254910.0,167910800.0,99871092.0,2022-06-09,0.8761,0.7984,0.4749
Brazil,210306411.0,446745250.0,184254910.0,167910800.0,99871092.0,2022-06-10,0.8761,0.7984,0.4749
Brazil,210306411.0,447416640.0,184281810.0,168008980.0,100420090.0,2022-06-11,0.8763,0.7989,0.4775
Brazil,210306411.0,447455100.0,184286900.0,168027300.0,100435388.0,2022-06-12,0.8763,0.799,0.4776
Brazil,210306411.0,447773820.0,184298430.0,168055660.0,100715379.0,2022-06-13,0.8763,0.7991,0.4789
Brazil,210306411.0,448234620.0,184321010.0,168113220.0,101097404.0,2022-06-14,0.8764,0.7994,0.4807
Brazil,210306411.0,448567360.0,184337120.0,168140830.0,101388985.0,2022-06-15,0.8765,0.7995,0.4821
Brazil,210306411.0,449034500.0,184418260.0,168228900.0,101690638.0,2022-06-16,0.8769,0.7999,0.4835
Brazil,210306411.0,449187000.0,184424420.0,168245950.0,101820162.0,2022-06-17,0.8769,0.8,0.4842
Brazil,210306411.0,449291600.0,184431840.0,168262640.0,101900962.0,2022-06-18,0.877,0.8001,0.4845
Brazil,210306411.0,449339400.0,184433740.0,168272140.0,101937408.0,2022-06-19,0.877,0.8001,0.4847
Brazil,210306411.0,449796740.0,184456420.0,168365250.0,102279577.0,2022-06-20,0.8771,0.8006,0.4863
Brazil,210306411.0,450342500.0,184483220.0,168401550.0,102763202.0,2022-06-21,0.8772,0.8007,0.4886
Brazil,210306411.0,450847780.0,184509250.0,168480030.0,103164594.0,2022-06-22,0.8773,0.8011,0.4905
Brazil,210306411.0,451276200.0,184537970.0,168547550.0,103497533.0,2022-06-23,0.8775,0.8014,0.4921
Brazil,210306411.0,451641400.0,184552930.0,168569310.0,103827247.0,2022-06-24,0.8775,0.8015,0.4937
Brazil,210306411.0,451645600.0,184554560.0,168570300.0,103828829.0,2022-06-25,0.8776,0.8015,0.4937
Brazil,210306411.0,451787900.0,184557760.0,168577890.0,103960516.0,2022-06-26,0.8776,0.8016,0.4943
Brazil,210306411.0,452218460.0,184574640.0,168604660.0,104348850.0,2022-06-27,0.8776,0.8017,0.4962
Brazil,210306411.0,452218460.0,184574640.0,168604660.0,104348850.0,2022-06-28,0.8776,0.8017,0.4962
Brazil,210306411.0,454770750.0,184662540.0,168901570.0,106526094.0,2022-06-29,0.8781,0.8031,0.5065
Brazil,210306411.0,454854180.0,184682900.0,168924050.0,106567152.0,2022-06-30,0.8782,0.8032,0.5067
Brazil,210306411.0,455499600.0,184737140.0,169070560.0,107015873.0,2022-07-01,0.8784,0.8039,0.5089
Brazil,210306411.0,455720320.0,184748480.0,169103090.0,107193108.0,2022-07-02,0.8785,0.8041,0.5097
Brazil,210306411.0,456101060.0,184764590.0,169144180.0,107517391.0,2022-07-03,0.8785,0.8043,0.5112
Brazil,210306411.0,456903100.0,184786420.0,169188580.0,108264143.0,2022-07-04,0.8787,0.8045,0.5148
Brazil,210306411.0,457240600.0,184808030.0,169230620.0,108538492.0,2022-07-05,0.8788,0.8047,0.5161
Brazil,210306411.0,457240600.0,184808030.0,169230620.0,108538492.0,2022-07-06,0.8788,0.8047,0.5161
Brazil,210306411.0,458043970.0,184864020.0,169334420.0,109183399.0,2022-07-07,0.879,0.8052,0.5192
Brazil,210306411.0,458043970.0,184864020.0,169334420.0,109183399.0,2022-07-08,0.879,0.8052,0.5192
Brazil,210306411.0,458439650.0,184886400.0,169396800.0,109495260.0,2022-07-09,0.8791,0.8055,0.5206
Brazil,210306411.0,458522880.0,184888880.0,169407660.0,109565250.0,2022-07-10,0.8791,0.8055,0.521
Brazil,210306411.0,459647940.0,184902660.0,169450180.0,110634426.0,2022-07-11,0.8792,0.8057,0.5261
Brazil,210306411.0,459647940.0,184902660.0,169450180.0,110634426.0,2022-07-12,0.8792,0.8057,0.5261
Brazil,210306411.0,460051360.0,184922670.0,169518500.0,110950272.0,2022-07-13,0.8793,0.8061,0.5276
Brazil,210306411.0,461148860.0,184951660.0,169602260.0,111935605.0,2022-07-14,0.8794,0.8065,0.5323
Brazil,210306411.0,461148860.0,184951660.0,169602260.0,111935605.0,2022-07-15,0.8794,0.8065,0.5323
Brazil,210306411.0,461493400.0,184973980.0,169671780.0,112188936.0,2022-07-16,0.8795,0.8068,0.5335
Brazil,210306411.0,461568130.0,184976830.0,169680500.0,112252184.0,2022-07-17,0.8796,0.8068,0.5338
Brazil,210306411.0,461568130.0,184976830.0,169680500.0,112252184.0,2022-07-18,0.8796,0.8068,0.5338
Brazil,210306411.0,461568130.0,184976830.0,169680500.0,112252184.0,2022-07-19,0.8796,0.8068,0.5338
Brazil,210306411.0,461568130.0,184976830.0,169680500.0,112252184.0,2022-07-20,0.8796,0.8068,0.5338
Brazil,210306411.0,461568130.0,184976830.0,169680500.0,112252184.0,2022-07-21,0.8796,0.8068,0.5338
Brazil,210306411.0,461568130.0,184976830.0,169680500.0,112252184.0,2022-07-22,0.8796,0.8068,0.5338
Brazil,210306411.0,461568130.0,184976830.0,169680500.0,112252184.0,2022-07-23,0.8796,0.8068,0.5338
Brazil,210306411.0,465319000.0,185208290.0,170168350.0,112252184.0,2022-07-24,0.8807,0.8091,0.5338
Brazil,210306411.0,465319000.0,185208290.0,170168350.0,112252184.0,2022-07-25,0.8807,0.8091,0.5338
Brazil,210306411.0,465319000.0,185208290.0,170168350.0,112252184.0,2022-07-26,0.8807,0.8091,0.5338
Brazil,210306411.0,465319000.0,185208290.0,170168350.0,112252184.0,2022-07-27,0.8807,0.8091,0.5338
Brazil,210306411.0,465319000.0,185208290.0,170168350.0,112252184.0,2022-07-28,0.8807,0.8091,0.5338
Brazil,210306411.0,465319000.0,185208290.0,170168350.0,112252184.0,2022-07-29,0.8807,0.8091,0.5338
Brazil,210306411.0,465319000.0,185208290.0,170168350.0,112252184.0,2022-07-30,0.8807,0.8091,0.5338
Brazil,210306411.0,465319000.0,185208290.0,170168350.0,112252184.0,2022-07-31,0.8807,0.8091,0.5338
Brazil,210306411.0,465319000.0,185208290.0,170168350.0,112252184.0,2022-08-01,0.8807,0.8091,0.5338
Brazil,210306411.0,465319000.0,185208290.0,170168350.0,112252184.0,2022-08-02,0.8807,0.8091,0.5338
Brazil,210306411.0,465319000.0,185208290.0,170168350.0,112252184.0,2022-08-03,0.8807,0.8091,0.5338
Brazil,210306411.0,465319000.0,185208290.0,170168350.0,112252184.0,2022-08-04,0.8807,0.8091,0.5338
Brazil,210306411.0,465319000.0,185208290.0,170168350.0,112252184.0,2022-08-05,0.8807,0.8091,0.5338
Brazil,210306411.0,465319000.0,185208290.0,170168350.0,112252184.0,2022-08-06,0.8807,0.8091,0.5338
Brazil,210306411.0,465319000.0,185208290.0,170168350.0,112252184.0,2022-08-07,0.8807,0.8091,0.5338
Brazil,210306411.0,465620130.0,185834530.0,170839780.0,114326122.0,2022-08-08,0.8836,0.8123,0.5436
Brazil,210306411.0,465843400.0,185856820.0,170942940.0,114425818.0,2022-08-09,0.8837,0.8128,0.5441
Brazil,210306411.0,466047400.0,185892530.0,170983150.0,114560347.0,2022-08-10,0.8839,0.813,0.5447
Brazil,210306411.0,466464500.0,185920530.0,170998960.0,114934576.0,2022-08-11,0.884,0.8131,0.5465
Brazil,210306411.0,466850140.0,185975700.0,171084380.0,115180990.0,2022-08-12,0.8843,0.8135,0.5477
Brazil,210306411.0,466850140.0,185975700.0,171084380.0,115180990.0,2022-08-13,0.8843,0.8135,0.5477
Brazil,210306411.0,467002980.0,185993500.0,171111630.0,115289012.0,2022-08-14,0.8844,0.8136,0.5482
Brazil,210306411.0,467119780.0,186014160.0,171145170.0,115352317.0,2022-08-15,0.8845,0.8138,0.5485
Brazil,210306411.0,467119780.0,186014160.0,171145170.0,115352317.0,2022-08-16,0.8845,0.8138,0.5485
Brazil,210306411.0,467119780.0,186014160.0,171145170.0,115352317.0,2022-08-17,0.8845,0.8138,0.5485
Brazil,210306411.0,468196500.0,186100430.0,171285760.0,116222886.0,2022-08-18,0.8849,0.8145,0.5526
Brazil,210306411.0,468240260.0,186112320.0,171298780.0,116241830.0,2022-08-19,0.885,0.8145,0.5527
Brazil,210306411.0,468323740.0,186147550.0,171316000.0,116272952.0,2022-08-20,0.8851,0.8146,0.5529
Brazil,210306411.0,468339650.0,186159300.0,171319280.0,116274155.0,2022-08-21,0.8852,0.8146,0.5529
Brazil,210306411.0,468400130.0,186176640.0,171336580.0,116300081.0,2022-08-22,0.8853,0.8147,0.553
Brazil,210306411.0,468580900.0,186302960.0,171369540.0,116322566.0,2022-08-23,0.8859,0.8149,0.5531
Brazil,210306411.0,468684670.0,186358100.0,171401010.0,116346199.0,2022-08-24,0.8861,0.815,0.5532
Brazil,210306411.0,468741100.0,186374960.0,171421360.0,116365561.0,2022-08-25,0.8862,0.8151,0.5533
Brazil,210306411.0,468802240.0,186397360.0,171439070.0,116386932.0,2022-08-26,0.8863,0.8152,0.5534
Brazil,210306411.0,468830180.0,186406000.0,171451700.0,116393648.0,2022-08-27,0.8864,0.8152,0.5534
Brazil,210306411.0,468834020.0,186406380.0,171451860.0,116396949.0,2022-08-28,0.8864,0.8152,0.5535
Brazil,210306411.0,470058340.0,186476290.0,171607300.0,117398187.0,2022-08-29,0.8867,0.816,0.5582
Brazil,210306411.0,470115900.0,186491120.0,171625380.0,117422896.0,2022-08-30,0.8868,0.8161,0.5583
Brazil,210306411.0,470327400.0,186519890.0,171665730.0,117565662.0,2022-08-31,0.8869,0.8163,0.559
Brazil,210306411.0,470483070.0,186542430.0,171709120.0,117655924.0,2022-09-01,0.887,0.8165,0.5595
Brazil,210306411.0,470528600.0,186558430.0,171721040.0,117674330.0,2022-09-02,0.8871,0.8165,0.5595
Brazil,210306411.0,470708500.0,186578820.0,171762510.0,117792808.0,2022-09-03,0.8872,0.8167,0.5601
Brazil,210306411.0,470745570.0,186583220.0,171768690.0,117819334.0,2022-09-04,0.8872,0.8168,0.5602
Brazil,210306411.0,470784030.0,186590350.0,171778300.0,117841133.0,2022-09-05,0.8872,0.8168,0.5603
Brazil,210306411.0,470898080.0,186618530.0,171809200.0,117896301.0,2022-09-06,0.8874,0.8169,0.5606
Brazil,210306411.0,470910300.0,186624510.0,171811550.0,117900233.0,2022-09-07,0.8874,0.817,0.5606
Brazil,210306411.0,470943260.0,186632930.0,171821260.0,117915066.0,2022-09-08,0.8874,0.817,0.5607
Brazil,210306411.0,471130600.0,186656500.0,171858620.0,118041839.0,2022-09-09,0.8875,0.8172,0.5613
Brazil,210306411.0,471187360.0,186663840.0,171871790.0,118078226.0,2022-09-10,0.8876,0.8172,0.5615
Brazil,210306411.0,471205000.0,186665780.0,171875300.0,118090435.0,2022-09-11,0.8876,0.8173,0.5615
Brazil,210306411.0,471266080.0,186674430.0,171889220.0,118129076.0,2022-09-12,0.8876,0.8173,0.5617
Brazil,210306411.0,471378800.0,186715090.0,171949600.0,118140842.0,2022-09-13,0.8878,0.8176,0.5618
Brazil,210306411.0,471541060.0,186735740.0,171986750.0,118245579.0,2022-09-14,0.8879,0.8178,0.5623
Brazil,210306411.0,471637250.0,186749390.0,172011900.0,118303181.0,2022-09-15,0.888,0.8179,0.5625
Brazil,210306411.0,471683200.0,186763820.0,172032900.0,118313785.0,2022-09-16,0.8881,0.818,0.5626
Brazil,210306411.0,471818430.0,186779150.0,172062450.0,118404473.0,2022-09-17,0.8881,0.8182,0.563
Brazil,210306411.0,471848830.0,186784350.0,172070130.0,118422064.0,2022-09-18,0.8882,0.8182,0.5631
Brazil,210306411.0,471886080.0,186794260.0,172085300.0,118434275.0,2022-09-19,0.8882,0.8183,0.5632
Brazil,210306411.0,471922140.0,186802640.0,172101540.0,118445795.0,2022-09-20,0.8882,0.8183,0.5632
Brazil,210306411.0,472074270.0,186822930.0,172143680.0,118536943.0,2022-09-21,0.8883,0.8185,0.5636
Brazil,210306411.0,472074270.0,186822930.0,172143680.0,118536943.0,2022-09-22,0.8883,0.8185,0.5636
Brazil,210306411.0,472271040.0,186857550.0,172196850.0,118650592.0,2022-09-23,0.8885,0.8188,0.5642
Brazil,210306411.0,472338700.0,186866080.0,172212080.0,118694643.0,2022-09-24,0.8885,0.8189,0.5644
Brazil,210306411.0,472364600.0,186868670.0,172217760.0,118712344.0,2022-09-25,0.8886,0.8189,0.5645
Brazil,210306411.0,472820030.0,187303920.0,172225890.0,118724423.0,2022-09-26,0.8906,0.8189,0.5645
Brazil,210306411.0,472853660.0,187313180.0,172239970.0,118734796.0,2022-09-27,0.8907,0.819,0.5646
Brazil,210306411.0,472972320.0,187327660.0,172264690.0,118734796.0,2022-09-28,0.8907,0.8191,0.5646
Brazil,210306411.0,472972320.0,187327660.0,172264690.0,118734796.0,2022-09-29,0.8907,0.8191,0.5646
Brazil,210306411.0,472972320.0,187327660.0,172264690.0,118734796.0,2022-09-30,0.8907,0.8191,0.5646
Brazil,210306411.0,472972320.0,187327660.0,172264690.0,118734796.0,2022-10-01,0.8907,0.8191,0.5646
Brazil,210306411.0,472972320.0,187327660.0,172264690.0,118734796.0,2022-10-02,0.8907,0.8191,0.5646
Brazil,210306411.0,472972320.0,187327660.0,172264690.0,118734796.0,2022-10-03,0.8907,0.8191,0.5646
Brazil,210306411.0,472972320.0,187327660.0,172264690.0,118734796.0,2022-10-04,0.8907,0.8191,0.5646
Brazil,210306411.0,472972320.0,187327660.0,172264690.0,118734796.0,2022-10-05,0.8907,0.8191,0.5646
Brazil,210306411.0,472972320.0,187327660.0,172264690.0,118734796.0,2022-10-06,0.8907,0.8191,0.5646
Brazil,210306411.0,473061340.0,187376430.0,172307800.0,118811893.0,2022-10-07,0.891,0.8193,0.5649
Brazil,210306411.0,473061570.0,187376430.0,172308050.0,118811893.0,2022-10-08,0.891,0.8193,0.5649
Brazil,210306411.0,473061600.0,187376430.0,172308080.0,118811893.0,2022-10-09,0.891,0.8193,0.5649
Brazil,210306411.0,473062600.0,187377010.0,172308480.0,118811893.0,2022-10-10,0.891,0.8193,0.5649
Brazil,210306411.0,473062800.0,187377010.0,172308700.0,118811893.0,2022-10-11,0.891,0.8193,0.5649
Brazil,210306411.0,473062800.0,187377010.0,172308700.0,118811893.0,2022-10-12,0.891,0.8193,0.5649
Brazil,210306411.0,473081180.0,187385380.0,172318700.0,118811893.0,2022-10-13,0.891,0.8194,0.5649
Brazil,210306411.0,473081500.0,187385380.0,172319040.0,118811893.0,2022-10-14,0.891,0.8194,0.5649
Brazil,210306411.0,473081760.0,187385380.0,172319280.0,118811893.0,2022-10-15,0.891,0.8194,0.5649
Brazil,210306411.0,473081860.0,187385380.0,172319380.0,118811893.0,2022-10-16,0.891,0.8194,0.5649
Brazil,210306411.0,473082940.0,187385380.0,172320460.0,118811893.0,2022-10-17,0.891,0.8194,0.5649
Brazil,210306411.0,473101100.0,187385660.0,172338320.0,118811893.0,2022-10-18,0.891,0.8195,0.5649
Brazil,210306411.0,473101300.0,187385660.0,172338560.0,118811893.0,2022-10-19,0.891,0.8195,0.5649
Brazil,210306411.0,473101630.0,187385660.0,172338880.0,118811893.0,2022-10-20,0.891,0.8195,0.5649
Brazil,210306411.0,473101800.0,187385660.0,172339020.0,118811893.0,2022-10-21,0.891,0.8195,0.5649
Brazil,210306411.0,473101980.0,187385660.0,172339220.0,118811893.0,2022-10-22,0.891,0.8195,0.5649
Brazil,210306411.0,473101980.0,187385660.0,172339230.0,118811893.0,2022-10-23,0.891,0.8195,0.5649
Brazil,210306411.0,473102000.0,187385660.0,172339250.0,118811893.0,2022-10-24,0.891,0.8195,0.5649
Brazil,210306411.0,473102200.0,187385660.0,172339440.0,118811893.0,2022-10-25,0.891,0.8195,0.5649
Brazil,210306411.0,473102400.0,187385660.0,172339650.0,118811893.0,2022-10-26,0.891,0.8195,0.5649
Brazil,210306411.0,473102620.0,187385660.0,172339870.0,118811893.0,2022-10-27,0.891,0.8195,0.5649
Brazil,210306411.0,473102940.0,187385660.0,172340200.0,118811893.0,2022-10-28,0.891,0.8195,0.5649
Brazil,210306411.0,473102940.0,187385660.0,172340200.0,118811893.0,2022-10-29,0.891,0.8195,0.5649
Brazil,210306411.0,473102940.0,187385660.0,172340200.0,118811893.0,2022-10-30,0.891,0.8195,0.5649
Brazil,210306411.0,473103000.0,187385660.0,172340240.0,118811893.0,2022-10-31,0.891,0.8195,0.5649
Brazil,210306411.0,473103300.0,187385660.0,172340530.0,118811893.0,2022-11-01,0.891,0.8195,0.5649
Brazil,210306411.0,473103550.0,187385660.0,172340800.0,118811893.0,2022-11-02,0.891,0.8195,0.5649
Brazil,210306411.0,473103550.0,187385660.0,172340800.0,118811893.0,2022-11-03,0.891,0.8195,0.5649
Brazil,210306411.0,473115680.0,187397460.0,172341150.0,118811893.0,2022-11-04,0.8911,0.8195,0.5649
Brazil,210306411.0,473115680.0,187397460.0,172341150.0,118811893.0,2022-11-05,0.8911,0.8195,0.5649
Brazil,210306411.0,473115680.0,187397460.0,172341150.0,118811893.0,2022-11-06,0.8911,0.8195,0.5649
Brazil,210306411.0,473115680.0,187397460.0,172341150.0,118811893.0,2022-11-07,0.8911,0.8195,0.5649
Brazil,210306411.0,473115680.0,187397460.0,172341150.0,118811893.0,2022-11-08,0.8911,0.8195,0.5649
Brazil,210306411.0,473119940.0,187399520.0,172343330.0,118811893.0,2022-11-09,0.8911,0.8195,0.5649
Brazil,210306411.0,473119940.0,187399520.0,172343330.0,118811893.0,2022-11-10,0.8911,0.8195,0.5649
Brazil,210306411.0,473127680.0,187399520.0,172351070.0,118811893.0,2022-11-11,0.8911,0.8195,0.5649
Brazil,210306411.0,473127680.0,187399520.0,172351070.0,118811893.0,2022-11-12,0.8911,0.8195,0.5649
Brazil,210306411.0,473127680.0,187399520.0,172351070.0,118811893.0,2022-11-13,0.8911,0.8195,0.5649
Brazil,210306411.0,473133700.0,187399520.0,172357070.0,118811893.0,2022-11-14,0.8911,0.8196,0.5649
Brazil,210306411.0,473133700.0,187399520.0,172357070.0,118811893.0,2022-11-15,0.8911,0.8196,0.5649
Brazil,210306411.0,473451000.0,187678660.0,172674380.0,118811893.0,2022-11-16,0.8924,0.8211,0.5649
Brazil,210306411.0,473451000.0,187678660.0,172674380.0,118811893.0,2022-11-17,0.8924,0.8211,0.5649
Brazil,210306411.0,473453400.0,187678660.0,172676780.0,118811893.0,2022-11-18,0.8924,0.8211,0.5649
Brazil,210306411.0,473453730.0,187678660.0,172677120.0,118811893.0,2022-11-19,0.8924,0.8211,0.5649
Brazil,210306411.0,473453820.0,187678660.0,172677200.0,118811893.0,2022-11-20,0.8924,0.8211,0.5649
Brazil,210306411.0,473458940.0,187678660.0,172682320.0,118811893.0,2022-11-21,0.8924,0.8211,0.5649
Brazil,210306411.0,473459260.0,187678660.0,172682660.0,118811893.0,2022-11-22,0.8924,0.8211,0.5649
Brazil,210306411.0,473459800.0,187678660.0,172683200.0,118811893.0,2022-11-23,0.8924,0.8211,0.5649
Brazil,210306411.0,473460860.0,187678660.0,172684260.0,118811893.0,2022-11-24,0.8924,0.8211,0.5649
Brazil,210306411.0,473461000.0,187678660.0,172684380.0,118811893.0,2022-11-25,0.8924,0.8211,0.5649
Brazil,210306411.0,473461300.0,187678660.0,172684690.0,118811893.0,2022-11-26,0.8924,0.8211,0.5649
Brazil,210306411.0,473461440.0,187678660.0,172684850.0,118811893.0,2022-11-27,0.8924,0.8211,0.5649
Brazil,210306411.0,473461440.0,187678660.0,172684850.0,118811893.0,2022-11-28,0.8924,0.8211,0.5649
Brazil,210306411.0,474619420.0,187998600.0,173191800.0,119148165.0,2022-11-29,0.8939,0.8235,0.5665
Brazil,210306411.0,476264700.0,188049000.0,174139710.0,119795266.0,2022-11-30,0.8942,0.828,0.5696
Brazil,210306411.0,476316580.0,188065380.0,174150770.0,119819824.0,2022-12-01,0.8942,0.8281,0.5697
Brazil,210306411.0,476316580.0,188065380.0,174150770.0,119819824.0,2022-12-02,0.8942,0.8281,0.5697
Brazil,210306411.0,476352300.0,188075040.0,174161470.0,119835261.0,2022-12-03,0.8943,0.8281,0.5698
Brazil,210306411.0,476359170.0,188077020.0,174163070.0,119838587.0,2022-12-04,0.8943,0.8281,0.5698
Brazil,210306411.0,476384130.0,188083920.0,174169940.0,119849894.0,2022-12-05,0.8943,0.8282,0.5699
Brazil,210306411.0,476384130.0,188083920.0,174169940.0,119849894.0,2022-12-06,0.8943,0.8282,0.5699
Brazil,210306411.0,476451780.0,188104960.0,174189200.0,119877431.0,2022-12-07,0.8944,0.8283,0.57
Brazil,210306411.0,476451780.0,188104960.0,174189200.0,119877431.0,2022-12-08,0.8944,0.8283,0.57
Brazil,210306411.0,476477120.0,188112140.0,174195470.0,119889347.0,2022-12-09,0.8945,0.8283,0.5701
Brazil,210306411.0,476491330.0,188116780.0,174199940.0,119894453.0,2022-12-10,0.8945,0.8283,0.5701
Brazil,210306411.0,476495360.0,188118030.0,174201170.0,119896005.0,2022-12-11,0.8945,0.8283,0.5701
Brazil,210306411.0,476523700.0,188125460.0,174209170.0,119909103.0,2022-12-12,0.8945,0.8284,0.5702
Brazil,210306411.0,476548450.0,188132530.0,174215650.0,119920369.0,2022-12-13,0.8946,0.8284,0.5702
Brazil,210306411.0,476548450.0,188132530.0,174215650.0,119920369.0,2022-12-14,0.8946,0.8284,0.5702
Brazil,210306411.0,476553060.0,188133940.0,174217200.0,119922031.0,2022-12-15,0.8946,0.8284,0.5702
Brazil,210306411.0,478100130.0,188305260.0,174499760.0,121019139.0,2022-12-16,0.8954,0.8297,0.5754
Brazil,210306411.0,478131200.0,188309740.0,174505220.0,121040358.0,2022-12-17,0.8954,0.8298,0.5755
Brazil,210306411.0,480155680.0,188522820.0,174847760.0,122517026.0,2022-12-18,0.8964,0.8314,0.5826
Brazil,210306411.0,480155680.0,188522820.0,174847760.0,122517026.0,2022-12-19,0.8964,0.8314,0.5826
Brazil,210306411.0,480187170.0,188527200.0,174854220.0,122537709.0,2022-12-20,0.8964,0.8314,0.5827
Brazil,210306411.0,480187170.0,188527200.0,174854220.0,122537709.0,2022-12-21,0.8964,0.8314,0.5827
Brazil,210306411.0,480215330.0,188531380.0,174859220.0,122556750.0,2022-12-22,0.8965,0.8314,0.5828
Brazil,210306411.0,480216400.0,188531680.0,174859950.0,122556750.0,2022-12-23,0.8965,0.8315,0.5828
Brazil,210306411.0,480272960.0,188540700.0,174869840.0,122594536.0,2022-12-24,0.8965,0.8315,0.5829
Brazil,210306411.0,480288500.0,188543070.0,174872900.0,122604684.0,2022-12-25,0.8965,0.8315,0.583
Brazil,210306411.0,480291700.0,188543310.0,174873780.0,122606791.0,2022-12-26,0.8965,0.8315,0.583
Brazil,210306411.0,480310850.0,188549740.0,174881300.0,122616211.0,2022-12-27,0.8965,0.8316,0.583
Brazil,210306411.0,480310850.0,188549740.0,174881300.0,122616211.0,2022-12-28,0.8965,0.8316,0.583
Brazil,210306411.0,480331780.0,188552660.0,174886100.0,122629436.0,2022-12-29,0.8966,0.8316,0.5831
Brazil,210306411.0,480332770.0,188553040.0,174886850.0,122629436.0,2022-12-30,0.8966,0.8316,0.5831
Brazil,210306411.0,480333920.0,188553940.0,174887920.0,122629436.0,2022-12-31,0.8966,0.8316,0.5831
Brazil,210306411.0,480333980.0,188553970.0,174887950.0,122629436.0,2023-01-01,0.8966,0.8316,0.5831
Brazil,210306411.0,480333980.0,188553970.0,174887950.0,122629436.0,2023-01-02,0.8966,0.8316,0.5831
Brazil,210306411.0,480415100.0,188564140.0,174905280.0,122683198.0,2023-01-03,0.8966,0.8317,0.5834
Brazil,210306411.0,480430560.0,188566400.0,174908750.0,122692958.0,2023-01-04,0.8966,0.8317,0.5834
Brazil,210306411.0,480430560.0,188566400.0,174908750.0,122692958.0,2023-01-05,0.8966,0.8317,0.5834
Brazil,210306411.0,482245470.0,188808660.0,175264700.0,123914533.0,2023-01-06,0.8978,0.8334,0.5892
Brazil,210306411.0,482292300.0,188815650.0,175274340.0,123944826.0,2023-01-07,0.8978,0.8334,0.5894
Brazil,210306411.0,482318530.0,188819340.0,175279400.0,123962331.0,2023-01-08,0.8978,0.8334,0.5894
Brazil,210306411.0,482318560.0,188819360.0,175279410.0,123962331.0,2023-01-09,0.8978,0.8334,0.5894
Brazil,210306411.0,482319260.0,188819550.0,175279920.0,123962331.0,2023-01-10,0.8978,0.8335,0.5894
Brazil,210306411.0,482330000.0,188820860.0,175284160.0,123968124.0,2023-01-11,0.8978,0.8335,0.5895
Brazil,210306411.0,482331000.0,188821220.0,175284830.0,123968124.0,2023-01-12,0.8978,0.8335,0.5895
Brazil,210306411.0,482331940.0,188821570.0,175285490.0,123968124.0,2023-01-13,0.8978,0.8335,0.5895
Brazil,210306411.0,482332500.0,188821760.0,175285870.0,123968124.0,2023-01-14,0.8978,0.8335,0.5895
Brazil,210306411.0,482332900.0,188821950.0,175286050.0,123968124.0,2023-01-15,0.8978,0.8335,0.5895
Brazil,210306411.0,482332930.0,188821980.0,175286060.0,123968124.0,2023-01-16,0.8978,0.8335,0.5895
Brazil,210306411.0,482568200.0,188943730.0,175319070.0,124055944.0,2023-01-17,0.8984,0.8336,0.5899
Brazil,210306411.0,482569060.0,188944030.0,175319630.0,124055944.0,2023-01-18,0.8984,0.8336,0.5899
Brazil,210306411.0,482577060.0,188944300.0,175320290.0,124063030.0,2023-01-19,0.8984,0.8336,0.5899
Brazil,210306411.0,482577060.0,188944300.0,175320290.0,124063030.0,2023-01-20,0.8984,0.8336,0.5899
Brazil,210306411.0,482653470.0,188953220.0,175337600.0,124113349.0,2023-01-21,0.8985,0.8337,0.5902
Brazil,210306411.0,482653540.0,188953260.0,175337630.0,124113349.0,2023-01-22,0.8985,0.8337,0.5902
Brazil,210306411.0,482653540.0,188953260.0,175337630.0,124113349.0,2023-01-23,0.8985,0.8337,0.5902
Brazil,210306411.0,482660380.0,188953390.0,175344350.0,124113349.0,2023-01-24,0.8985,0.8338,0.5902
Brazil,210306411.0,483479140.0,189041040.0,175494160.0,124696295.0,2023-01-25,0.8989,0.8345,0.5929
Brazil,210306411.0,483511600.0,189044900.0,175503140.0,124716004.0,2023-01-26,0.8989,0.8345,0.593
Brazil,210306411.0,483584800.0,189046880.0,175510420.0,124780055.0,2023-01-27,0.8989,0.8345,0.5933
Brazil,210306411.0,483585200.0,189047040.0,175510660.0,124780055.0,2023-01-28,0.8989,0.8345,0.5933
Brazil,210306411.0,483585250.0,189047060.0,175510700.0,124780055.0,2023-01-29,0.8989,0.8345,0.5933
Brazil,210306411.0,483585250.0,189047060.0,175510700.0,124780055.0,2023-01-30,0.8989,0.8345,0.5933
Brazil,210306411.0,483587740.0,189047440.0,175512130.0,124780709.0,2023-01-31,0.8989,0.8346,0.5933
Brazil,210306411.0,483587740.0,189047440.0,175512130.0,124780709.0,2023-02-01,0.8989,0.8346,0.5933
Brazil,210306411.0,483637920.0,189052590.0,175525340.0,124812593.0,2023-02-02,0.8989,0.8346,0.5935
Brazil,210306411.0,483959300.0,189086620.0,175607550.0,125019968.0,2023-02-03,0.8991,0.835,0.5945
Brazil,210306411.0,483961340.0,189086800.0,175608420.0,125021004.0,2023-02-04,0.8991,0.835,0.5945
Brazil,210306411.0,483962200.0,189087260.0,175608800.0,125021004.0,2023-02-05,0.8991,0.835,0.5945
Brazil,210306411.0,483962200.0,189087260.0,175608800.0,125021004.0,2023-02-06,0.8991,0.835,0.5945
Brazil,210306411.0,484032130.0,189096900.0,175625420.0,125065116.0,2023-02-07,0.8991,0.8351,0.5947
Brazil,210306411.0,484035420.0,189097460.0,175627180.0,125066069.0,2023-02-08,0.8992,0.8351,0.5947
Brazil,210306411.0,484035420.0,189097460.0,175627180.0,125066069.0,2023-02-09,0.8992,0.8351,0.5947
Brazil,210306411.0,484035420.0,189097460.0,175627180.0,125066069.0,2023-02-10,0.8992,0.8351,0.5947
Brazil,210306411.0,484302530.0,189146030.0,175693120.0,125219079.0,2023-02-11,0.8994,0.8354,0.5954
Brazil,210306411.0,484302530.0,189146030.0,175693120.0,125219079.0,2023-02-12,0.8994,0.8354,0.5954
Brazil,210306411.0,484384200.0,189162400.0,175709970.0,125267744.0,2023-02-13,0.8995,0.8355,0.5956
Brazil,210306411.0,484388350.0,189162770.0,175711310.0,125270189.0,2023-02-14,0.8995,0.8355,0.5957
Brazil,210306411.0,484437000.0,189170510.0,175719650.0,125302768.0,2023-02-15,0.8995,0.8355,0.5958
Brazil,210306411.0,484442850.0,189170560.0,175721900.0,125306304.0,2023-02-16,0.8995,0.8356,0.5958
Brazil,210306411.0,484445920.0,189171360.0,175722990.0,125307501.0,2023-02-17,0.8995,0.8356,0.5958
Brazil,210306411.0,484445920.0,189171360.0,175722990.0,125307501.0,2023-02-18,0.8995,0.8356,0.5958
Brazil,210306411.0,484446080.0,189171420.0,175723090.0,125307501.0,2023-02-19,0.8995,0.8356,0.5958
Brazil,210306411.0,484446100.0,189171460.0,175723100.0,125307501.0,2023-02-20,0.8995,0.8356,0.5958
Brazil,210306411.0,484988600.0,189314050.0,175827680.0,125604098.0,2023-02-21,0.9002,0.8361,0.5972
Brazil,210306411.0,484988600.0,189314050.0,175827680.0,125604098.0,2023-02-22,0.9002,0.8361,0.5972
Brazil,210306411.0,484988600.0,189314050.0,175827680.0,125604098.0,2023-02-23,0.9002,0.8361,0.5972
Brazil,210306411.0,484995260.0,189314750.0,175829570.0,125608160.0,2023-02-24,0.9002,0.8361,0.5973
Brazil,210306411.0,484995260.0,189314750.0,175829570.0,125608160.0,2023-02-25,0.9002,0.8361,0.5973
Brazil,210306411.0,485006500.0,189315250.0,175832580.0,125615869.0,2023-02-26,0.9002,0.8361,0.5973
Brazil,210306411.0,485006500.0,189315250.0,175832580.0,125615869.0,2023-02-27,0.9002,0.8361,0.5973
Brazil,210306411.0,485188830.0,189377950.0,175879800.0,125688357.0,2023-02-28,0.9005,0.8363,0.5976
Brazil,210306411.0,485188830.0,189377950.0,175879800.0,125688357.0,2023-03-01,0.9005,0.8363,0.5976
Brazil,210306411.0,485219040.0,189385800.0,175886990.0,125703539.0,2023-03-02,0.9005,0.8363,0.5977
Brazil,210306411.0,485247780.0,189393740.0,175893550.0,125717753.0,2023-03-03,0.9006,0.8364,0.5978
Brazil,210306411.0,485257380.0,189394370.0,175895900.0,125724399.0,2023-03-04,0.9006,0.8364,0.5978
Brazil,210306411.0,485257440.0,189394380.0,175895940.0,125724399.0,2023-03-05,0.9006,0.8364,0.5978
Brazil,210306411.0,485257440.0,189394380.0,175895940.0,125724399.0,2023-03-06,0.9006,0.8364,0.5978
Brazil,210306411.0,485268600.0,189394850.0,175899970.0,125731059.0,2023-03-07,0.9006,0.8364,0.5978
Brazil,210306411.0,485279140.0,189395220.0,175904530.0,125736675.0,2023-03-08,0.9006,0.8364,0.5979
Brazil,210306411.0,485279140.0,189395220.0,175904530.0,125736675.0,2023-03-09,0.9006,0.8364,0.5979
